interest,topic,difficulty,learning_step_order,learning_step,description,domain_id
Web Development,Intro to HTML5,Beginner,1,Intro to HTML5,"Learn the skeleton of the web, doctypes, and the <html>, <head>, <body> structure.",0
Web Development,Semantic HTML,Beginner,2,Semantic HTML,"Using <header>, <footer>, <article>, and <section> for better SEO and accessibility.",0
Web Development,HTML Forms & Validations,Beginner,3,HTML Forms & Validations,"Creating inputs, labels, and using native HTML5 validation like required and pattern.",0
Web Development,HTML Media & Graphics,Beginner,4,HTML Media & Graphics,"Embedding images, videos, audio, and an introduction to <canvas> and <svg>.",0
Web Development,HTML APIs,Beginner,5,HTML APIs,"Introduction to Geolocation, Drag & Drop, and Web Storage APIs (localStorage/sessionStorage).",0
Web Development,CSS Basics & Selectors,Beginner,6,CSS Basics & Selectors,"Mastering colors, fonts, and the various ways to target elements.",0
Web Development,CSS Box Model,Beginner,7,CSS Box Model,"Understanding margin, border, padding, and how elements take up space.",0
Web Development,CSS Positioning,Beginner,8,CSS Positioning,"Mastering static, relative, absolute, fixed, and sticky positioning.",0
Web Development,Flexbox Layout,Beginner,9,Flexbox Layout,Building responsive rows and columns using display: flex and alignment properties.,0
Web Development,CSS Grid Layout,Beginner,10,CSS Grid Layout,Creating complex 2D layouts with grid-template-areas and fractional units.,0
Web Development,Responsive Web Design,Beginner,11,Responsive Web Design,"Using @media queries, viewport settings, and fluid layouts for all devices.",0
Web Development,CSS Variables & Functions,Beginner,12,CSS Variables & Functions,"Advanced techniques like Custom Properties, calc(), min(), max(), and clamp().",0
Web Development,CSS Animations,Beginner,13,CSS Animations,Creating smooth transitions and keyframe animations for better UX.,0
Web Development,JS Intro & Syntax,Beginner,14,JS Intro & Syntax,"The basics of JavaScript: variables (let/const), statements, and basic operators.",0
Web Development,JS Data Types,Beginner,15,JS Data Types,"Working with Strings, Numbers, Booleans, Null, Undefined, and BigInt.",0
Web Development,JS Functions,Foundational,16,JS Functions,"Defining reusable code blocks, arrow functions, and understanding parameters.",0
Web Development,JS Objects,Foundational,17,JS Objects,"Creating and manipulating objects, properties, and methods.",0
Web Development,JS Events,Foundational,18,JS Events,"Handling user interaction with click, submit, mouseover, and keyboard events.",0
Web Development,JS DOM Navigation,Foundational,19,JS DOM Navigation,"Traversing the DOM tree using parentNode, children, and nextSibling.",0
Web Development,JS DOM Modification,Foundational,20,JS DOM Modification,"Changing HTML content, attributes, and styles dynamically.",0
Web Development,JS Arrays,Foundational,21,JS Arrays,"Mastering array methods like push, pop, shift, unshift, and length.",0
Web Development,JS Array Iteration,Foundational,22,JS Array Iteration,"Using forEach, map, filter, reduce, and every/some for data processing.",0
Web Development,JS Async & Await,Foundational,23,JS Async & Await,Handling asynchronous operations with Promises and the modern async/await syntax.,0
Web Development,JS JSON & Fetch,Foundational,24,JS JSON & Fetch,Fetching data from APIs and parsing JSON responses.,0
Web Development,JS Web APIs,Foundational,25,JS Web APIs,"Working with Fetch, History, and Web Workers for advanced performance.",0
Web Development,React Intro & JSX,Foundational,26,React Intro & JSX,Understanding the component-based architecture and JSX syntax.,0
Web Development,React Props & State,Foundational,27,React Props & State,Managing data flow between components and local state with useState.,0
Web Development,React Hooks (useEffect),Foundational,28,React Hooks (useEffect),"Handling side effects, data fetching, and component lifecycle.",0
Web Development,React Router,Foundational,29,React Router,Implementing client-side routing for multi-page feeling apps.,0
Web Development,State Management (Redux),Foundational,30,State Management (Redux),Centralized state management for complex applications.,0
Web Development,Formik & Yup,Foundational,31,Formik & Yup,Advanced form handling and schema-based validation in React.,0
Web Development,API Integration,Foundational,32,API Integration,Connecting React apps to backend services using Axios and best practices.,0
Web Development,Tailwind CSS Basics,Foundational,33,Tailwind CSS Basics,Utility-first CSS for rapid UI development.,0
Web Development,Material UI Components,Foundational,34,Material UI Components,Using pre-built component libraries for consistent design.,0
Web Development,Next.js Fundamentals,Foundational,35,Next.js Fundamentals,"Server-side rendering, static site generation, and file-based routing.",0
Web Development,Backend with Node.js,Intermediate,36,Backend with Node.js,Building servers with Express.js and handling HTTP requests.,0
Web Development,MongoDB & Mongoose,Intermediate,37,MongoDB & Mongoose,Working with NoSQL databases and defining data schemas.,0
Web Development,JWT Authentication,Intermediate,38,JWT Authentication,Securing applications with JSON Web Tokens and middleware.,0
Web Development,Deployment (Vercel/Netlify),Intermediate,39,Deployment (Vercel/Netlify),Deploying frontend applications and configuring CI/CD pipelines.,0
Web Development,Web Security (CORS/XSS),Intermediate,40,Web Security (CORS/XSS),Understanding and preventing common web vulnerabilities.,0
Web Development,WebSockets Real-time,Intermediate,41,WebSockets Real-time,"Master WebSockets Real-time to build robust, industry-level Web Development projects. This module covers advanced techniques and real-world deployment strategies. Level 1 specialization.",0
Web Development,Progressive Web Apps (PWA),Intermediate,42,Progressive Web Apps (PWA),"Master Progressive Web Apps (PWA) to build robust, industry-level Web Development projects. This module covers advanced techniques and real-world deployment strategies. Level 1 specialization.",0
Web Development,Server-Side Rendering (SSR),Intermediate,43,Server-Side Rendering (SSR),"Master Server-Side Rendering (SSR) to build robust, industry-level Web Development projects. This module covers advanced techniques and real-world deployment strategies. Level 1 specialization.",0
Web Development,Static Site Generation (SSG),Intermediate,44,Static Site Generation (SSG),"Master Static Site Generation (SSG) to build robust, industry-level Web Development projects. This module covers advanced techniques and real-world deployment strategies. Level 1 specialization.",0
Web Development,Web Accessibility (WCAG),Intermediate,45,Web Accessibility (WCAG),"Master Web Accessibility (WCAG) to build robust, industry-level Web Development projects. This module covers advanced techniques and real-world deployment strategies. Level 1 specialization.",0
Web Development,BEM Methodology,Intermediate,46,BEM Methodology,"Master BEM Methodology to build robust, industry-level Web Development projects. This module covers advanced techniques and real-world deployment strategies. Level 1 specialization.",0
Web Development,SASS/SCSS Advanced,Intermediate,47,SASS/SCSS Advanced,"Master SASS/SCSS Advanced to build robust, industry-level Web Development projects. This module covers advanced techniques and real-world deployment strategies. Level 1 specialization.",0
Web Development,Tailwind CSS Workflow,Intermediate,48,Tailwind CSS Workflow,"Master Tailwind CSS Workflow to build robust, industry-level Web Development projects. This module covers advanced techniques and real-world deployment strategies. Level 1 specialization.",0
Web Development,React Hooks (useEffect/useMemo),Intermediate,49,React Hooks (useEffect/useMemo),"Master React Hooks (useEffect/useMemo) to build robust, industry-level Web Development projects. This module covers advanced techniques and real-world deployment strategies. Level 1 specialization.",0
Web Development,Redux Toolkit,Intermediate,50,Redux Toolkit,"Master Redux Toolkit to build robust, industry-level Web Development projects. This module covers advanced techniques and real-world deployment strategies. Level 1 specialization.",0
Web Development,Context API Patterns,Intermediate,51,Context API Patterns,"Master Context API Patterns to build robust, industry-level Web Development projects. This module covers advanced techniques and real-world deployment strategies. Level 1 specialization.",0
Web Development,Next.js App Router,Intermediate,52,Next.js App Router,"Master Next.js App Router to build robust, industry-level Web Development projects. This module covers advanced techniques and real-world deployment strategies. Level 1 specialization.",0
Web Development,TypeScript Interfaces,Intermediate,53,TypeScript Interfaces,"Master TypeScript Interfaces to build robust, industry-level Web Development projects. This module covers advanced techniques and real-world deployment strategies. Level 1 specialization.",0
Web Development,GraphQL Queries,Intermediate,54,GraphQL Queries,"Master GraphQL Queries to build robust, industry-level Web Development projects. This module covers advanced techniques and real-world deployment strategies. Level 1 specialization.",0
Web Development,Apollo Client,Intermediate,55,Apollo Client,"Master Apollo Client to build robust, industry-level Web Development projects. This module covers advanced techniques and real-world deployment strategies. Level 1 specialization.",0
Web Development,Node.js Express Middleware,Intermediate,56,Node.js Express Middleware,"Master Node.js Express Middleware to build robust, industry-level Web Development projects. This module covers advanced techniques and real-world deployment strategies. Level 1 specialization.",0
Web Development,RESTful API Best Practices,Intermediate,57,RESTful API Best Practices,"Master RESTful API Best Practices to build robust, industry-level Web Development projects. This module covers advanced techniques and real-world deployment strategies. Level 1 specialization.",0
Web Development,JWT Authentication,Intermediate,58,JWT Authentication,"Master JWT Authentication to build robust, industry-level Web Development projects. This module covers advanced techniques and real-world deployment strategies. Level 1 specialization.",0
Web Development,OAuth2 & OpenID Connect,Intermediate,59,OAuth2 & OpenID Connect,"Master OAuth2 & OpenID Connect to build robust, industry-level Web Development projects. This module covers advanced techniques and real-world deployment strategies. Level 1 specialization.",0
Web Development,Jest Unit Testing,Intermediate,60,Jest Unit Testing,"Master Jest Unit Testing to build robust, industry-level Web Development projects. This module covers advanced techniques and real-world deployment strategies. Level 1 specialization.",0
Web Development,Cypress E2E Testing,Intermediate,61,Cypress E2E Testing,"Master Cypress E2E Testing to build robust, industry-level Web Development projects. This module covers advanced techniques and real-world deployment strategies. Level 1 specialization.",0
Web Development,Docker Containerization,Intermediate,62,Docker Containerization,"Master Docker Containerization to build robust, industry-level Web Development projects. This module covers advanced techniques and real-world deployment strategies. Level 1 specialization.",0
Web Development,CI/CD GitHub Actions,Intermediate,63,CI/CD GitHub Actions,"Master CI/CD GitHub Actions to build robust, industry-level Web Development projects. This module covers advanced techniques and real-world deployment strategies. Level 1 specialization.",0
Web Development,Web Security (CORS/XSS),Intermediate,64,Web Security (CORS/XSS),"Master Web Security (CORS/XSS) to build robust, industry-level Web Development projects. This module covers advanced techniques and real-world deployment strategies. Level 1 specialization.",0
Web Development,Service Workers Caching,Intermediate,65,Service Workers Caching,"Master Service Workers Caching to build robust, industry-level Web Development projects. This module covers advanced techniques and real-world deployment strategies. Level 1 specialization.",0
Web Development,Web Components Custom Elements,Intermediate,66,Web Components Custom Elements,"Master Web Components Custom Elements to build robust, industry-level Web Development projects. This module covers advanced techniques and real-world deployment strategies. Level 1 specialization.",0
Web Development,WebAssembly (WASM),Intermediate,67,WebAssembly (WASM),"Master WebAssembly (WASM) to build robust, industry-level Web Development projects. This module covers advanced techniques and real-world deployment strategies. Level 1 specialization.",0
Web Development,Chrome DevTools Profiling,Intermediate,68,Chrome DevTools Profiling,"Master Chrome DevTools Profiling to build robust, industry-level Web Development projects. This module covers advanced techniques and real-world deployment strategies. Level 1 specialization.",0
Web Development,Lighthouse Performance,Intermediate,69,Lighthouse Performance,"Master Lighthouse Performance to build robust, industry-level Web Development projects. This module covers advanced techniques and real-world deployment strategies. Level 1 specialization.",0
Web Development,SEO Schema Markup,Intermediate,70,SEO Schema Markup,"Master SEO Schema Markup to build robust, industry-level Web Development projects. This module covers advanced techniques and real-world deployment strategies. Level 1 specialization.",0
Web Development,Monorepo Management,Intermediate,71,Monorepo Management,"Master Monorepo Management to build robust, industry-level Web Development projects. This module covers advanced techniques and real-world deployment strategies. Level 1 specialization.",0
Web Development,Micro-frontends Architecture,Intermediate,72,Micro-frontends Architecture,"Master Micro-frontends Architecture to build robust, industry-level Web Development projects. This module covers advanced techniques and real-world deployment strategies. Level 1 specialization.",0
Web Development,Serverless Functions (AWS/Vercel),Intermediate,73,Serverless Functions (AWS/Vercel),"Master Serverless Functions (AWS/Vercel) to build robust, industry-level Web Development projects. This module covers advanced techniques and real-world deployment strategies. Level 1 specialization.",0
Web Development,Edge Runtime,Intermediate,74,Edge Runtime,"Master Edge Runtime to build robust, industry-level Web Development projects. This module covers advanced techniques and real-world deployment strategies. Level 1 specialization.",0
Web Development,Redis Caching,Intermediate,75,Redis Caching,"Master Redis Caching to build robust, industry-level Web Development projects. This module covers advanced techniques and real-world deployment strategies. Level 1 specialization.",0
Web Development,PostgreSQL Optimization,Intermediate,76,PostgreSQL Optimization,"Master PostgreSQL Optimization to build robust, industry-level Web Development projects. This module covers advanced techniques and real-world deployment strategies. Level 1 specialization.",0
Web Development,MongoDB Aggregations,Intermediate,77,MongoDB Aggregations,"Master MongoDB Aggregations to build robust, industry-level Web Development projects. This module covers advanced techniques and real-world deployment strategies. Level 1 specialization.",0
Web Development,Prisma ORM,Intermediate,78,Prisma ORM,"Master Prisma ORM to build robust, industry-level Web Development projects. This module covers advanced techniques and real-world deployment strategies. Level 1 specialization.",0
Web Development,Storybook Component Dev,Intermediate,79,Storybook Component Dev,"Master Storybook Component Dev to build robust, industry-level Web Development projects. This module covers advanced techniques and real-world deployment strategies. Level 1 specialization.",0
Web Development,Framer Motion Animations,Intermediate,80,Framer Motion Animations,"Master Framer Motion Animations to build robust, industry-level Web Development projects. This module covers advanced techniques and real-world deployment strategies. Level 1 specialization.",0
Web Development,Deep Dive: WebSockets Real-time,Intermediate,81,Deep Dive: WebSockets Real-time,"Master WebSockets Real-time to build robust, industry-level Web Development projects. This module covers advanced techniques and real-world deployment strategies. Level 2 specialization.",0
Web Development,Deep Dive: Progressive Web Apps (PWA),Intermediate,82,Deep Dive: Progressive Web Apps (PWA),"Master Progressive Web Apps (PWA) to build robust, industry-level Web Development projects. This module covers advanced techniques and real-world deployment strategies. Level 2 specialization.",0
Web Development,Deep Dive: Server-Side Rendering (SSR),Intermediate,83,Deep Dive: Server-Side Rendering (SSR),"Master Server-Side Rendering (SSR) to build robust, industry-level Web Development projects. This module covers advanced techniques and real-world deployment strategies. Level 2 specialization.",0
Web Development,Deep Dive: Static Site Generation (SSG),Intermediate,84,Deep Dive: Static Site Generation (SSG),"Master Static Site Generation (SSG) to build robust, industry-level Web Development projects. This module covers advanced techniques and real-world deployment strategies. Level 2 specialization.",0
Web Development,Deep Dive: Web Accessibility (WCAG),Intermediate,85,Deep Dive: Web Accessibility (WCAG),"Master Web Accessibility (WCAG) to build robust, industry-level Web Development projects. This module covers advanced techniques and real-world deployment strategies. Level 2 specialization.",0
Web Development,Deep Dive: BEM Methodology,Intermediate,86,Deep Dive: BEM Methodology,"Master BEM Methodology to build robust, industry-level Web Development projects. This module covers advanced techniques and real-world deployment strategies. Level 2 specialization.",0
Web Development,Deep Dive: SASS/SCSS Advanced,Intermediate,87,Deep Dive: SASS/SCSS Advanced,"Master SASS/SCSS Advanced to build robust, industry-level Web Development projects. This module covers advanced techniques and real-world deployment strategies. Level 2 specialization.",0
Web Development,Deep Dive: Tailwind CSS Workflow,Intermediate,88,Deep Dive: Tailwind CSS Workflow,"Master Tailwind CSS Workflow to build robust, industry-level Web Development projects. This module covers advanced techniques and real-world deployment strategies. Level 2 specialization.",0
Web Development,Deep Dive: React Hooks (useEffect/useMemo),Intermediate,89,Deep Dive: React Hooks (useEffect/useMemo),"Master React Hooks (useEffect/useMemo) to build robust, industry-level Web Development projects. This module covers advanced techniques and real-world deployment strategies. Level 2 specialization.",0
Web Development,Deep Dive: Redux Toolkit,Intermediate,90,Deep Dive: Redux Toolkit,"Master Redux Toolkit to build robust, industry-level Web Development projects. This module covers advanced techniques and real-world deployment strategies. Level 2 specialization.",0
Web Development,Deep Dive: Context API Patterns,Intermediate,91,Deep Dive: Context API Patterns,"Master Context API Patterns to build robust, industry-level Web Development projects. This module covers advanced techniques and real-world deployment strategies. Level 2 specialization.",0
Web Development,Deep Dive: Next.js App Router,Intermediate,92,Deep Dive: Next.js App Router,"Master Next.js App Router to build robust, industry-level Web Development projects. This module covers advanced techniques and real-world deployment strategies. Level 2 specialization.",0
Web Development,Deep Dive: TypeScript Interfaces,Intermediate,93,Deep Dive: TypeScript Interfaces,"Master TypeScript Interfaces to build robust, industry-level Web Development projects. This module covers advanced techniques and real-world deployment strategies. Level 2 specialization.",0
Web Development,Deep Dive: GraphQL Queries,Intermediate,94,Deep Dive: GraphQL Queries,"Master GraphQL Queries to build robust, industry-level Web Development projects. This module covers advanced techniques and real-world deployment strategies. Level 2 specialization.",0
Web Development,Deep Dive: Apollo Client,Intermediate,95,Deep Dive: Apollo Client,"Master Apollo Client to build robust, industry-level Web Development projects. This module covers advanced techniques and real-world deployment strategies. Level 2 specialization.",0
Web Development,Deep Dive: Node.js Express Middleware,Intermediate,96,Deep Dive: Node.js Express Middleware,"Master Node.js Express Middleware to build robust, industry-level Web Development projects. This module covers advanced techniques and real-world deployment strategies. Level 2 specialization.",0
Web Development,Deep Dive: RESTful API Best Practices,Intermediate,97,Deep Dive: RESTful API Best Practices,"Master RESTful API Best Practices to build robust, industry-level Web Development projects. This module covers advanced techniques and real-world deployment strategies. Level 2 specialization.",0
Web Development,Deep Dive: JWT Authentication,Intermediate,98,Deep Dive: JWT Authentication,"Master JWT Authentication to build robust, industry-level Web Development projects. This module covers advanced techniques and real-world deployment strategies. Level 2 specialization.",0
Web Development,Deep Dive: OAuth2 & OpenID Connect,Intermediate,99,Deep Dive: OAuth2 & OpenID Connect,"Master OAuth2 & OpenID Connect to build robust, industry-level Web Development projects. This module covers advanced techniques and real-world deployment strategies. Level 2 specialization.",0
Web Development,Deep Dive: Jest Unit Testing,Intermediate,100,Deep Dive: Jest Unit Testing,"Master Jest Unit Testing to build robust, industry-level Web Development projects. This module covers advanced techniques and real-world deployment strategies. Level 2 specialization.",0
Machine Learning,Intro to AI/ML,Beginner,1,Intro to AI/ML,Understanding the difference between Artificial Intelligence and Machine Learning.,1
Machine Learning,Machine Learning Pipeline,Beginner,2,Machine Learning Pipeline,"The end-to-end process: collection, cleaning, processing, and model selection.",1
Machine Learning,ML Data Types,Beginner,3,ML Data Types,"Understanding Numerical, Categorical, and Ordinal data types in ML context.",1
Machine Learning,Basic Statistics for ML,Beginner,4,Basic Statistics for ML,"Calculating Mean, Median, Mode, Standard Deviation, and Percentiles.",1
Machine Learning,Probability Distributions,Beginner,5,Probability Distributions,"Normal distribution, Uniform distribution, and their importance in ML.",1
Machine Learning,Data Preprocessing,Beginner,6,Data Preprocessing,"Handling missing values, scaling features (Standardization/Normalization).",1
Machine Learning,Linear Regression,Beginner,7,Linear Regression,Predicting continuous values using best-fit lines and R-squared evaluation.,1
Machine Learning,Multiple Regression,Beginner,8,Multiple Regression,Using multiple input features to predict a single continuous target.,1
Machine Learning,Logistic Regression,Beginner,9,Logistic Regression,Binary classification for predicting categories like Yes/No using the sigmoid function.,1
Machine Learning,Decision Trees,Beginner,10,Decision Trees,Flowchart-like models for classification and regression tasks.,1
Machine Learning,Random Forests,Beginner,11,Random Forests,Ensemble learning using multiple trees to reduce overfitting and improve accuracy.,1
Machine Learning,K-Nearest Neighbors (KNN),Beginner,12,K-Nearest Neighbors (KNN),Classifying data based on similarity to neighboring data points.,1
Machine Learning,Support Vector Machines (SVM),Beginner,13,Support Vector Machines (SVM),Finding optimal hyperplanes to separate different classes in high-dimensional space.,1
Machine Learning,Naïve Bayes,Beginner,14,Naïve Bayes,Probabilistic classifier based on Bayes' Theorem with independence assumptions.,1
Machine Learning,K-Means Clustering,Beginner,15,K-Means Clustering,Unsupervised learning for grouping similar data points into K clusters.,1
Machine Learning,Hierarchical Clustering,Foundational,16,Hierarchical Clustering,Building a hierarchy of clusters using agglomerative or divisive methods.,1
Machine Learning,Principal Component Analysis (PCA),Foundational,17,Principal Component Analysis (PCA),Dimensionality reduction technique to simplify complex datasets.,1
Machine Learning,Cross-Validation,Foundational,18,Cross-Validation,Using K-Fold and other techniques to ensure model stability and generalizability.,1
Machine Learning,Model Evaluation Metrics,Foundational,19,Model Evaluation Metrics,"Understanding Accuracy, Precision, Recall, F1-Score, and Confusion Matrices.",1
Machine Learning,Neural Networks Intro,Foundational,20,Neural Networks Intro,"The basics of artificial neurons, weights, biases, and activation functions.",1
Machine Learning,Backpropagation,Foundational,21,Backpropagation,How neural networks learn by calculating gradients and updating weights.,1
Machine Learning,Deep Learning Basics,Foundational,22,Deep Learning Basics,Introduction to multi-layer perceptrons and deep architectures.,1
Machine Learning,Convolutional Neural Nets (CNN),Foundational,23,Convolutional Neural Nets (CNN),Specialized networks for image recognition and spatial data processing.,1
Machine Learning,Recurrent Neural Nets (RNN),Foundational,24,Recurrent Neural Nets (RNN),Sequence modeling for time-series data and natural language processing.,1
Machine Learning,Natural Language Processing (NLP),Foundational,25,Natural Language Processing (NLP),"Tokenization, lemmatization, and sentiment analysis techniques.",1
Machine Learning,Word Embeddings,Foundational,26,Word Embeddings,"Understanding Word2Vec, GloVe, and vector representations of text.",1
Machine Learning,LSTMs & GRUs,Foundational,27,LSTMs & GRUs,Advanced RNN architectures for long-term dependencies in sequences.,1
Machine Learning,Computer Vision Basics,Foundational,28,Computer Vision Basics,Image processing techniques using OpenCV and scikit-image.,1
Machine Learning,Transfer Learning,Foundational,29,Transfer Learning,Using pre-trained models like ResNet or VGG for custom tasks.,1
Machine Learning,Generative AI Intro,Foundational,30,Generative AI Intro,Understanding GANs and Variational Autoencoders (VAEs).,1
Machine Learning,Transformers Architecture,Foundational,31,Transformers Architecture,The foundation of modern LLMs: Self-attention and Encoder-Decoder blocks.,1
Machine Learning,BERT & Fine-tuning,Foundational,32,BERT & Fine-tuning,Using pre-trained Transformer models for NLP tasks.,1
Machine Learning,Model Deployment,Foundational,33,Model Deployment,"Serving models via FastAPI, Flask, or TensorFlow Serving.",1
Machine Learning,MLOps Basics,Foundational,34,MLOps Basics,Version control for data and models using DVC and MLflow.,1
Machine Learning,Feature Engineering,Foundational,35,Feature Engineering,Creating new features from raw data to improve model performance.,1
Machine Learning,Hyperparameter Tuning,Intermediate,36,Hyperparameter Tuning,Optimizing model parameters using Grid Search and Random Search.,1
Machine Learning,Reinforcement Learning,Intermediate,37,Reinforcement Learning,Learning from environment feedback using Q-learning and Policy Gradients.,1
Machine Learning,Time Series Analysis,Intermediate,38,Time Series Analysis,Predicting future trends from historical sequential data.,1
Machine Learning,Recommender Systems,Intermediate,39,Recommender Systems,Building engines for personalized suggestions based on user behavior.,1
Machine Learning,AI Ethics & Fairness,Intermediate,40,AI Ethics & Fairness,Identifying and mitigating bias in machine learning models.,1
Machine Learning,LSTMs & Sequential Models,Intermediate,41,LSTMs & Sequential Models,"Master LSTMs & Sequential Models to build robust, industry-level Machine Learning projects. This module covers advanced techniques and real-world deployment strategies. Level 1 specialization.",1
Machine Learning,Transformers Architecture,Intermediate,42,Transformers Architecture,"Master Transformers Architecture to build robust, industry-level Machine Learning projects. This module covers advanced techniques and real-world deployment strategies. Level 1 specialization.",1
Machine Learning,BERT & Fine-tuning,Intermediate,43,BERT & Fine-tuning,"Master BERT & Fine-tuning to build robust, industry-level Machine Learning projects. This module covers advanced techniques and real-world deployment strategies. Level 1 specialization.",1
Machine Learning,GPT & Large Language Models,Intermediate,44,GPT & Large Language Models,"Master GPT & Large Language Models to build robust, industry-level Machine Learning projects. This module covers advanced techniques and real-world deployment strategies. Level 1 specialization.",1
Machine Learning,Object Detection (YOLO/R-CNN),Intermediate,45,Object Detection (YOLO/R-CNN),"Master Object Detection (YOLO/R-CNN) to build robust, industry-level Machine Learning projects. This module covers advanced techniques and real-world deployment strategies. Level 1 specialization.",1
Machine Learning,Image Segmentation (U-Net),Intermediate,46,Image Segmentation (U-Net),"Master Image Segmentation (U-Net) to build robust, industry-level Machine Learning projects. This module covers advanced techniques and real-world deployment strategies. Level 1 specialization.",1
Machine Learning,Generative Adversarial Nets (GANs),Intermediate,47,Generative Adversarial Nets (GANs),"Master Generative Adversarial Nets (GANs) to build robust, industry-level Machine Learning projects. This module covers advanced techniques and real-world deployment strategies. Level 1 specialization.",1
Machine Learning,Autoencoders for Denoising,Intermediate,48,Autoencoders for Denoising,"Master Autoencoders for Denoising to build robust, industry-level Machine Learning projects. This module covers advanced techniques and real-world deployment strategies. Level 1 specialization.",1
Machine Learning,XGBoost & Gradient Boosting,Intermediate,49,XGBoost & Gradient Boosting,"Master XGBoost & Gradient Boosting to build robust, industry-level Machine Learning projects. This module covers advanced techniques and real-world deployment strategies. Level 1 specialization.",1
Machine Learning,LightGBM High Performance,Intermediate,50,LightGBM High Performance,"Master LightGBM High Performance to build robust, industry-level Machine Learning projects. This module covers advanced techniques and real-world deployment strategies. Level 1 specialization.",1
Machine Learning,Bayesian Optimization,Intermediate,51,Bayesian Optimization,"Master Bayesian Optimization to build robust, industry-level Machine Learning projects. This module covers advanced techniques and real-world deployment strategies. Level 1 specialization.",1
Machine Learning,Hyperparameter Tuning (Optuna),Intermediate,52,Hyperparameter Tuning (Optuna),"Master Hyperparameter Tuning (Optuna) to build robust, industry-level Machine Learning projects. This module covers advanced techniques and real-world deployment strategies. Level 1 specialization.",1
Machine Learning,Time Series Forecasting,Intermediate,53,Time Series Forecasting,"Master Time Series Forecasting to build robust, industry-level Machine Learning projects. This module covers advanced techniques and real-world deployment strategies. Level 1 specialization.",1
Machine Learning,Anomaly Detection Patterns,Intermediate,54,Anomaly Detection Patterns,"Master Anomaly Detection Patterns to build robust, industry-level Machine Learning projects. This module covers advanced techniques and real-world deployment strategies. Level 1 specialization.",1
Machine Learning,Reinforcement Learning (Q-Learning),Intermediate,55,Reinforcement Learning (Q-Learning),"Master Reinforcement Learning (Q-Learning) to build robust, industry-level Machine Learning projects. This module covers advanced techniques and real-world deployment strategies. Level 1 specialization.",1
Machine Learning,Policy Gradient Methods,Intermediate,56,Policy Gradient Methods,"Master Policy Gradient Methods to build robust, industry-level Machine Learning projects. This module covers advanced techniques and real-world deployment strategies. Level 1 specialization.",1
Machine Learning,MLOps MLflow Integration,Intermediate,57,MLOps MLflow Integration,"Master MLOps MLflow Integration to build robust, industry-level Machine Learning projects. This module covers advanced techniques and real-world deployment strategies. Level 1 specialization.",1
Machine Learning,Model Deployment (FastAPI/Docker),Intermediate,58,Model Deployment (FastAPI/Docker),"Master Model Deployment (FastAPI/Docker) to build robust, industry-level Machine Learning projects. This module covers advanced techniques and real-world deployment strategies. Level 1 specialization.",1
Machine Learning,TFX Pipelines,Intermediate,59,TFX Pipelines,"Master TFX Pipelines to build robust, industry-level Machine Learning projects. This module covers advanced techniques and real-world deployment strategies. Level 1 specialization.",1
Machine Learning,TensorFlow Extended,Intermediate,60,TensorFlow Extended,"Master TensorFlow Extended to build robust, industry-level Machine Learning projects. This module covers advanced techniques and real-world deployment strategies. Level 1 specialization.",1
Machine Learning,PyTorch Lightning,Intermediate,61,PyTorch Lightning,"Master PyTorch Lightning to build robust, industry-level Machine Learning projects. This module covers advanced techniques and real-world deployment strategies. Level 1 specialization.",1
Machine Learning,Model Quantization,Intermediate,62,Model Quantization,"Master Model Quantization to build robust, industry-level Machine Learning projects. This module covers advanced techniques and real-world deployment strategies. Level 1 specialization.",1
Machine Learning,Edge AI Deployment,Intermediate,63,Edge AI Deployment,"Master Edge AI Deployment to build robust, industry-level Machine Learning projects. This module covers advanced techniques and real-world deployment strategies. Level 1 specialization.",1
Machine Learning,Federated Learning,Intermediate,64,Federated Learning,"Master Federated Learning to build robust, industry-level Machine Learning projects. This module covers advanced techniques and real-world deployment strategies. Level 1 specialization.",1
Machine Learning,Explainable AI (SHAP/LIME),Intermediate,65,Explainable AI (SHAP/LIME),"Master Explainable AI (SHAP/LIME) to build robust, industry-level Machine Learning projects. This module covers advanced techniques and real-world deployment strategies. Level 1 specialization.",1
Machine Learning,AI Ethics & Fairness,Intermediate,66,AI Ethics & Fairness,"Master AI Ethics & Fairness to build robust, industry-level Machine Learning projects. This module covers advanced techniques and real-world deployment strategies. Level 1 specialization.",1
Machine Learning,Graph Neural Networks,Intermediate,67,Graph Neural Networks,"Master Graph Neural Networks to build robust, industry-level Machine Learning projects. This module covers advanced techniques and real-world deployment strategies. Level 1 specialization.",1
Machine Learning,Recommender Systems (Collaborative Filtering),Intermediate,68,Recommender Systems (Collaborative Filtering),"Master Recommender Systems (Collaborative Filtering) to build robust, industry-level Machine Learning projects. This module covers advanced techniques and real-world deployment strategies. Level 1 specialization.",1
Machine Learning,Content-Based Filtering,Intermediate,69,Content-Based Filtering,"Master Content-Based Filtering to build robust, industry-level Machine Learning projects. This module covers advanced techniques and real-world deployment strategies. Level 1 specialization.",1
Machine Learning,Deep Q-Networks (DQN),Intermediate,70,Deep Q-Networks (DQN),"Master Deep Q-Networks (DQN) to build robust, industry-level Machine Learning projects. This module covers advanced techniques and real-world deployment strategies. Level 1 specialization.",1
Machine Learning,Transfer Learning Strategies,Intermediate,71,Transfer Learning Strategies,"Master Transfer Learning Strategies to build robust, industry-level Machine Learning projects. This module covers advanced techniques and real-world deployment strategies. Level 1 specialization.",1
Machine Learning,Active Learning,Intermediate,72,Active Learning,"Master Active Learning to build robust, industry-level Machine Learning projects. This module covers advanced techniques and real-world deployment strategies. Level 1 specialization.",1
Machine Learning,Self-Supervised Learning,Intermediate,73,Self-Supervised Learning,"Master Self-Supervised Learning to build robust, industry-level Machine Learning projects. This module covers advanced techniques and real-world deployment strategies. Level 1 specialization.",1
Machine Learning,Multi-task Learning,Intermediate,74,Multi-task Learning,"Master Multi-task Learning to build robust, industry-level Machine Learning projects. This module covers advanced techniques and real-world deployment strategies. Level 1 specialization.",1
Machine Learning,Word Embeddings (FastText),Intermediate,75,Word Embeddings (FastText),"Master Word Embeddings (FastText) to build robust, industry-level Machine Learning projects. This module covers advanced techniques and real-world deployment strategies. Level 1 specialization.",1
Machine Learning,Named Entity Recognition (NER),Intermediate,76,Named Entity Recognition (NER),"Master Named Entity Recognition (NER) to build robust, industry-level Machine Learning projects. This module covers advanced techniques and real-world deployment strategies. Level 1 specialization.",1
Machine Learning,Speech Recognition Basics,Intermediate,77,Speech Recognition Basics,"Master Speech Recognition Basics to build robust, industry-level Machine Learning projects. This module covers advanced techniques and real-world deployment strategies. Level 1 specialization.",1
Machine Learning,Computer Vision with OpenCV,Intermediate,78,Computer Vision with OpenCV,"Master Computer Vision with OpenCV to build robust, industry-level Machine Learning projects. This module covers advanced techniques and real-world deployment strategies. Level 1 specialization.",1
Machine Learning,Audio Processing for ML,Intermediate,79,Audio Processing for ML,"Master Audio Processing for ML to build robust, industry-level Machine Learning projects. This module covers advanced techniques and real-world deployment strategies. Level 1 specialization.",1
Machine Learning,ML Security & Adversarial Attacks,Intermediate,80,ML Security & Adversarial Attacks,"Master ML Security & Adversarial Attacks to build robust, industry-level Machine Learning projects. This module covers advanced techniques and real-world deployment strategies. Level 1 specialization.",1
Machine Learning,Deep Dive: LSTMs & Sequential Models,Intermediate,81,Deep Dive: LSTMs & Sequential Models,"Master LSTMs & Sequential Models to build robust, industry-level Machine Learning projects. This module covers advanced techniques and real-world deployment strategies. Level 2 specialization.",1
Machine Learning,Deep Dive: Transformers Architecture,Intermediate,82,Deep Dive: Transformers Architecture,"Master Transformers Architecture to build robust, industry-level Machine Learning projects. This module covers advanced techniques and real-world deployment strategies. Level 2 specialization.",1
Machine Learning,Deep Dive: BERT & Fine-tuning,Intermediate,83,Deep Dive: BERT & Fine-tuning,"Master BERT & Fine-tuning to build robust, industry-level Machine Learning projects. This module covers advanced techniques and real-world deployment strategies. Level 2 specialization.",1
Machine Learning,Deep Dive: GPT & Large Language Models,Intermediate,84,Deep Dive: GPT & Large Language Models,"Master GPT & Large Language Models to build robust, industry-level Machine Learning projects. This module covers advanced techniques and real-world deployment strategies. Level 2 specialization.",1
Machine Learning,Deep Dive: Object Detection (YOLO/R-CNN),Intermediate,85,Deep Dive: Object Detection (YOLO/R-CNN),"Master Object Detection (YOLO/R-CNN) to build robust, industry-level Machine Learning projects. This module covers advanced techniques and real-world deployment strategies. Level 2 specialization.",1
Machine Learning,Deep Dive: Image Segmentation (U-Net),Intermediate,86,Deep Dive: Image Segmentation (U-Net),"Master Image Segmentation (U-Net) to build robust, industry-level Machine Learning projects. This module covers advanced techniques and real-world deployment strategies. Level 2 specialization.",1
Machine Learning,Deep Dive: Generative Adversarial Nets (GANs),Intermediate,87,Deep Dive: Generative Adversarial Nets (GANs),"Master Generative Adversarial Nets (GANs) to build robust, industry-level Machine Learning projects. This module covers advanced techniques and real-world deployment strategies. Level 2 specialization.",1
Machine Learning,Deep Dive: Autoencoders for Denoising,Intermediate,88,Deep Dive: Autoencoders for Denoising,"Master Autoencoders for Denoising to build robust, industry-level Machine Learning projects. This module covers advanced techniques and real-world deployment strategies. Level 2 specialization.",1
Machine Learning,Deep Dive: XGBoost & Gradient Boosting,Intermediate,89,Deep Dive: XGBoost & Gradient Boosting,"Master XGBoost & Gradient Boosting to build robust, industry-level Machine Learning projects. This module covers advanced techniques and real-world deployment strategies. Level 2 specialization.",1
Machine Learning,Deep Dive: LightGBM High Performance,Intermediate,90,Deep Dive: LightGBM High Performance,"Master LightGBM High Performance to build robust, industry-level Machine Learning projects. This module covers advanced techniques and real-world deployment strategies. Level 2 specialization.",1
Machine Learning,Deep Dive: Bayesian Optimization,Intermediate,91,Deep Dive: Bayesian Optimization,"Master Bayesian Optimization to build robust, industry-level Machine Learning projects. This module covers advanced techniques and real-world deployment strategies. Level 2 specialization.",1
Machine Learning,Deep Dive: Hyperparameter Tuning (Optuna),Intermediate,92,Deep Dive: Hyperparameter Tuning (Optuna),"Master Hyperparameter Tuning (Optuna) to build robust, industry-level Machine Learning projects. This module covers advanced techniques and real-world deployment strategies. Level 2 specialization.",1
Machine Learning,Deep Dive: Time Series Forecasting,Intermediate,93,Deep Dive: Time Series Forecasting,"Master Time Series Forecasting to build robust, industry-level Machine Learning projects. This module covers advanced techniques and real-world deployment strategies. Level 2 specialization.",1
Machine Learning,Deep Dive: Anomaly Detection Patterns,Intermediate,94,Deep Dive: Anomaly Detection Patterns,"Master Anomaly Detection Patterns to build robust, industry-level Machine Learning projects. This module covers advanced techniques and real-world deployment strategies. Level 2 specialization.",1
Machine Learning,Deep Dive: Reinforcement Learning (Q-Learning),Intermediate,95,Deep Dive: Reinforcement Learning (Q-Learning),"Master Reinforcement Learning (Q-Learning) to build robust, industry-level Machine Learning projects. This module covers advanced techniques and real-world deployment strategies. Level 2 specialization.",1
Machine Learning,Deep Dive: Policy Gradient Methods,Intermediate,96,Deep Dive: Policy Gradient Methods,"Master Policy Gradient Methods to build robust, industry-level Machine Learning projects. This module covers advanced techniques and real-world deployment strategies. Level 2 specialization.",1
Machine Learning,Deep Dive: MLOps MLflow Integration,Intermediate,97,Deep Dive: MLOps MLflow Integration,"Master MLOps MLflow Integration to build robust, industry-level Machine Learning projects. This module covers advanced techniques and real-world deployment strategies. Level 2 specialization.",1
Machine Learning,Deep Dive: Model Deployment (FastAPI/Docker),Intermediate,98,Deep Dive: Model Deployment (FastAPI/Docker),"Master Model Deployment (FastAPI/Docker) to build robust, industry-level Machine Learning projects. This module covers advanced techniques and real-world deployment strategies. Level 2 specialization.",1
Machine Learning,Deep Dive: TFX Pipelines,Intermediate,99,Deep Dive: TFX Pipelines,"Master TFX Pipelines to build robust, industry-level Machine Learning projects. This module covers advanced techniques and real-world deployment strategies. Level 2 specialization.",1
Machine Learning,Deep Dive: TensorFlow Extended,Intermediate,100,Deep Dive: TensorFlow Extended,"Master TensorFlow Extended to build robust, industry-level Machine Learning projects. This module covers advanced techniques and real-world deployment strategies. Level 2 specialization.",1
Mobile Development,Intro to Mobile Dev,Beginner,1,Intro to Mobile Dev,Overview of native vs hybrid vs cross-platform app development.,2
Mobile Development,UI/UX Mobile Principles,Beginner,2,UI/UX Mobile Principles,"Design patterns for mobile: touch targets, safe areas, and bottom navigation.",2
Mobile Development,React Native Setup,Beginner,3,React Native Setup,Setting up the development environment for iOS and Android.,2
Mobile Development,JSX & Core Components,Beginner,4,JSX & Core Components,"Building screens with View, Text, Image, and ScrollView.",2
Mobile Development,StyleSheet & Flexbox,Beginner,5,StyleSheet & Flexbox,Mobile-specific layout and styling techniques.,2
Mobile Development,Props & State,Beginner,6,Props & State,Managing data flow and local component state with hooks.,2
Mobile Development,TextInput & Forms,Beginner,7,TextInput & Forms,"Handling user input, keyboards, and form validation on mobile.",2
Mobile Development,List Rendering,Beginner,8,List Rendering,Efficiently displaying data with FlatList and SectionList.,2
Mobile Development,React Navigation,Beginner,9,React Navigation,"Implementing Stack, Tab, and Drawer navigation patterns.",2
Mobile Development,Button & Pressables,Beginner,10,Button & Pressables,Handling touch events and providing haptic feedback.,2
Mobile Development,Icons & Images,Beginner,11,Icons & Images,Using Vector Icons and optimized image assets.,2
Mobile Development,Fetching Data,Beginner,12,Fetching Data,Connecting to REST APIs using the Fetch API or Axios.,2
Mobile Development,AsyncStorage,Beginner,13,AsyncStorage,Persisting small amounts of data locally on the device.,2
Mobile Development,Device Features,Beginner,14,Device Features,"Accessing Camera, Gallery, and Location services.",2
Mobile Development,Native Modules,Beginner,15,Native Modules,Introduction to bridging native code with JavaScript.,2
Mobile Development,Animations in RN,Foundational,16,Animations in RN,Using the Animated API for smooth transitions and interactions.,2
Mobile Development,Debugging Mobile,Foundational,17,Debugging Mobile,"Using Chrome Debugger, React DevTools, and Flipper.",2
Mobile Development,App Performance,Foundational,18,App Performance,"Optimizing renders, memoization, and image loading.",2
Mobile Development,Dark Mode Support,Foundational,19,Dark Mode Support,Implementing theme switching and dynamic color schemes.,2
Mobile Development,Push Notifications,Foundational,20,Push Notifications,Setting up local and remote notifications with Firebase.,2
Mobile Development,App Icons & Splash,Foundational,21,App Icons & Splash,Configuring platform-specific assets for app branding.,2
Mobile Development,Building for Production,Foundational,22,Building for Production,Generating APKs and IPAs for testing and deployment.,2
Mobile Development,App Store Submission,Foundational,23,App Store Submission,Preparing metadata and assets for the Apple App Store.,2
Mobile Development,Google Play Submission,Foundational,24,Google Play Submission,Publishing process for the Google Play Store.,2
Mobile Development,Over-the-Air Updates,Foundational,25,Over-the-Air Updates,Implementing OTA updates with services like Expo Updates.,2
Mobile Development,Native Performance,Foundational,26,Native Performance,"Master Native Performance to build robust, industry-level Mobile Development projects. This module covers advanced techniques and real-world deployment strategies. Level 1 specialization.",2
Mobile Development,Platform Channels,Foundational,27,Platform Channels,"Master Platform Channels to build robust, industry-level Mobile Development projects. This module covers advanced techniques and real-world deployment strategies. Level 1 specialization.",2
Mobile Development,State Management (Riverpod),Foundational,28,State Management (Riverpod),"Master State Management (Riverpod) to build robust, industry-level Mobile Development projects. This module covers advanced techniques and real-world deployment strategies. Level 1 specialization.",2
Mobile Development,Animations (Lottie),Foundational,29,Animations (Lottie),"Master Animations (Lottie) to build robust, industry-level Mobile Development projects. This module covers advanced techniques and real-world deployment strategies. Level 1 specialization.",2
Mobile Development,Background Tasks,Foundational,30,Background Tasks,"Master Background Tasks to build robust, industry-level Mobile Development projects. This module covers advanced techniques and real-world deployment strategies. Level 1 specialization.",2
Mobile Development,Deep Linking,Foundational,31,Deep Linking,"Master Deep Linking to build robust, industry-level Mobile Development projects. This module covers advanced techniques and real-world deployment strategies. Level 1 specialization.",2
Mobile Development,Biometric Auth,Foundational,32,Biometric Auth,"Master Biometric Auth to build robust, industry-level Mobile Development projects. This module covers advanced techniques and real-world deployment strategies. Level 1 specialization.",2
Mobile Development,Payment Integration,Foundational,33,Payment Integration,"Master Payment Integration to build robust, industry-level Mobile Development projects. This module covers advanced techniques and real-world deployment strategies. Level 1 specialization.",2
Mobile Development,Offline Sync,Foundational,34,Offline Sync,"Master Offline Sync to build robust, industry-level Mobile Development projects. This module covers advanced techniques and real-world deployment strategies. Level 1 specialization.",2
Mobile Development,App Performance Profiling,Foundational,35,App Performance Profiling,"Master App Performance Profiling to build robust, industry-level Mobile Development projects. This module covers advanced techniques and real-world deployment strategies. Level 1 specialization.",2
Mobile Development,Deep Dive: Native Performance,Intermediate,36,Deep Dive: Native Performance,"Master Native Performance to build robust, industry-level Mobile Development projects. This module covers advanced techniques and real-world deployment strategies. Level 2 specialization.",2
Mobile Development,Deep Dive: Platform Channels,Intermediate,37,Deep Dive: Platform Channels,"Master Platform Channels to build robust, industry-level Mobile Development projects. This module covers advanced techniques and real-world deployment strategies. Level 2 specialization.",2
Mobile Development,Deep Dive: State Management (Riverpod),Intermediate,38,Deep Dive: State Management (Riverpod),"Master State Management (Riverpod) to build robust, industry-level Mobile Development projects. This module covers advanced techniques and real-world deployment strategies. Level 2 specialization.",2
Mobile Development,Deep Dive: Animations (Lottie),Intermediate,39,Deep Dive: Animations (Lottie),"Master Animations (Lottie) to build robust, industry-level Mobile Development projects. This module covers advanced techniques and real-world deployment strategies. Level 2 specialization.",2
Mobile Development,Deep Dive: Background Tasks,Intermediate,40,Deep Dive: Background Tasks,"Master Background Tasks to build robust, industry-level Mobile Development projects. This module covers advanced techniques and real-world deployment strategies. Level 2 specialization.",2
Mobile Development,Deep Dive: Deep Linking,Intermediate,41,Deep Dive: Deep Linking,"Master Deep Linking to build robust, industry-level Mobile Development projects. This module covers advanced techniques and real-world deployment strategies. Level 2 specialization.",2
Mobile Development,Deep Dive: Biometric Auth,Intermediate,42,Deep Dive: Biometric Auth,"Master Biometric Auth to build robust, industry-level Mobile Development projects. This module covers advanced techniques and real-world deployment strategies. Level 2 specialization.",2
Mobile Development,Deep Dive: Payment Integration,Intermediate,43,Deep Dive: Payment Integration,"Master Payment Integration to build robust, industry-level Mobile Development projects. This module covers advanced techniques and real-world deployment strategies. Level 2 specialization.",2
Mobile Development,Deep Dive: Offline Sync,Intermediate,44,Deep Dive: Offline Sync,"Master Offline Sync to build robust, industry-level Mobile Development projects. This module covers advanced techniques and real-world deployment strategies. Level 2 specialization.",2
Mobile Development,Deep Dive: App Performance Profiling,Intermediate,45,Deep Dive: App Performance Profiling,"Master App Performance Profiling to build robust, industry-level Mobile Development projects. This module covers advanced techniques and real-world deployment strategies. Level 2 specialization.",2
Mobile Development,Expert Native Performance Patterns,Intermediate,46,Expert Native Performance Patterns,"Master Native Performance to build robust, industry-level Mobile Development projects. This module covers advanced techniques and real-world deployment strategies. Level 3 specialization.",2
Mobile Development,Expert Platform Channels Patterns,Intermediate,47,Expert Platform Channels Patterns,"Master Platform Channels to build robust, industry-level Mobile Development projects. This module covers advanced techniques and real-world deployment strategies. Level 3 specialization.",2
Mobile Development,Expert State Management (Riverpod) Patterns,Intermediate,48,Expert State Management (Riverpod) Patterns,"Master State Management (Riverpod) to build robust, industry-level Mobile Development projects. This module covers advanced techniques and real-world deployment strategies. Level 3 specialization.",2
Mobile Development,Expert Animations (Lottie) Patterns,Intermediate,49,Expert Animations (Lottie) Patterns,"Master Animations (Lottie) to build robust, industry-level Mobile Development projects. This module covers advanced techniques and real-world deployment strategies. Level 3 specialization.",2
Mobile Development,Expert Background Tasks Patterns,Intermediate,50,Expert Background Tasks Patterns,"Master Background Tasks to build robust, industry-level Mobile Development projects. This module covers advanced techniques and real-world deployment strategies. Level 3 specialization.",2
Mobile Development,Expert Deep Linking Patterns,Intermediate,51,Expert Deep Linking Patterns,"Master Deep Linking to build robust, industry-level Mobile Development projects. This module covers advanced techniques and real-world deployment strategies. Level 3 specialization.",2
Mobile Development,Expert Biometric Auth Patterns,Intermediate,52,Expert Biometric Auth Patterns,"Master Biometric Auth to build robust, industry-level Mobile Development projects. This module covers advanced techniques and real-world deployment strategies. Level 3 specialization.",2
Mobile Development,Expert Payment Integration Patterns,Intermediate,53,Expert Payment Integration Patterns,"Master Payment Integration to build robust, industry-level Mobile Development projects. This module covers advanced techniques and real-world deployment strategies. Level 3 specialization.",2
Mobile Development,Expert Offline Sync Patterns,Intermediate,54,Expert Offline Sync Patterns,"Master Offline Sync to build robust, industry-level Mobile Development projects. This module covers advanced techniques and real-world deployment strategies. Level 3 specialization.",2
Mobile Development,Expert App Performance Profiling Patterns,Intermediate,55,Expert App Performance Profiling Patterns,"Master App Performance Profiling to build robust, industry-level Mobile Development projects. This module covers advanced techniques and real-world deployment strategies. Level 3 specialization.",2
Mobile Development,Advanced Native Performance Implementation,Intermediate,56,Advanced Native Performance Implementation,"Master Native Performance to build robust, industry-level Mobile Development projects. This module covers advanced techniques and real-world deployment strategies. Level 4 specialization.",2
Mobile Development,Advanced Platform Channels Implementation,Intermediate,57,Advanced Platform Channels Implementation,"Master Platform Channels to build robust, industry-level Mobile Development projects. This module covers advanced techniques and real-world deployment strategies. Level 4 specialization.",2
Mobile Development,Advanced State Management (Riverpod) Implementation,Intermediate,58,Advanced State Management (Riverpod) Implementation,"Master State Management (Riverpod) to build robust, industry-level Mobile Development projects. This module covers advanced techniques and real-world deployment strategies. Level 4 specialization.",2
Mobile Development,Advanced Animations (Lottie) Implementation,Intermediate,59,Advanced Animations (Lottie) Implementation,"Master Animations (Lottie) to build robust, industry-level Mobile Development projects. This module covers advanced techniques and real-world deployment strategies. Level 4 specialization.",2
Mobile Development,Advanced Background Tasks Implementation,Intermediate,60,Advanced Background Tasks Implementation,"Master Background Tasks to build robust, industry-level Mobile Development projects. This module covers advanced techniques and real-world deployment strategies. Level 4 specialization.",2
Mobile Development,Advanced Deep Linking Implementation,Intermediate,61,Advanced Deep Linking Implementation,"Master Deep Linking to build robust, industry-level Mobile Development projects. This module covers advanced techniques and real-world deployment strategies. Level 4 specialization.",2
Mobile Development,Advanced Biometric Auth Implementation,Intermediate,62,Advanced Biometric Auth Implementation,"Master Biometric Auth to build robust, industry-level Mobile Development projects. This module covers advanced techniques and real-world deployment strategies. Level 4 specialization.",2
Mobile Development,Advanced Payment Integration Implementation,Intermediate,63,Advanced Payment Integration Implementation,"Master Payment Integration to build robust, industry-level Mobile Development projects. This module covers advanced techniques and real-world deployment strategies. Level 4 specialization.",2
Mobile Development,Advanced Offline Sync Implementation,Intermediate,64,Advanced Offline Sync Implementation,"Master Offline Sync to build robust, industry-level Mobile Development projects. This module covers advanced techniques and real-world deployment strategies. Level 4 specialization.",2
Mobile Development,Advanced App Performance Profiling Implementation,Intermediate,65,Advanced App Performance Profiling Implementation,"Master App Performance Profiling to build robust, industry-level Mobile Development projects. This module covers advanced techniques and real-world deployment strategies. Level 4 specialization.",2
Mobile Development,Advanced Native Performance Implementation,Intermediate,66,Advanced Native Performance Implementation,"Master Native Performance to build robust, industry-level Mobile Development projects. This module covers advanced techniques and real-world deployment strategies. Level 5 specialization.",2
Mobile Development,Advanced Platform Channels Implementation,Intermediate,67,Advanced Platform Channels Implementation,"Master Platform Channels to build robust, industry-level Mobile Development projects. This module covers advanced techniques and real-world deployment strategies. Level 5 specialization.",2
Mobile Development,Advanced State Management (Riverpod) Implementation,Intermediate,68,Advanced State Management (Riverpod) Implementation,"Master State Management (Riverpod) to build robust, industry-level Mobile Development projects. This module covers advanced techniques and real-world deployment strategies. Level 5 specialization.",2
Mobile Development,Advanced Animations (Lottie) Implementation,Intermediate,69,Advanced Animations (Lottie) Implementation,"Master Animations (Lottie) to build robust, industry-level Mobile Development projects. This module covers advanced techniques and real-world deployment strategies. Level 5 specialization.",2
Mobile Development,Advanced Background Tasks Implementation,Intermediate,70,Advanced Background Tasks Implementation,"Master Background Tasks to build robust, industry-level Mobile Development projects. This module covers advanced techniques and real-world deployment strategies. Level 5 specialization.",2
Mobile Development,Advanced Deep Linking Implementation,Intermediate,71,Advanced Deep Linking Implementation,"Master Deep Linking to build robust, industry-level Mobile Development projects. This module covers advanced techniques and real-world deployment strategies. Level 5 specialization.",2
Mobile Development,Advanced Biometric Auth Implementation,Intermediate,72,Advanced Biometric Auth Implementation,"Master Biometric Auth to build robust, industry-level Mobile Development projects. This module covers advanced techniques and real-world deployment strategies. Level 5 specialization.",2
Mobile Development,Advanced Payment Integration Implementation,Intermediate,73,Advanced Payment Integration Implementation,"Master Payment Integration to build robust, industry-level Mobile Development projects. This module covers advanced techniques and real-world deployment strategies. Level 5 specialization.",2
Mobile Development,Advanced Offline Sync Implementation,Intermediate,74,Advanced Offline Sync Implementation,"Master Offline Sync to build robust, industry-level Mobile Development projects. This module covers advanced techniques and real-world deployment strategies. Level 5 specialization.",2
Mobile Development,Advanced App Performance Profiling Implementation,Intermediate,75,Advanced App Performance Profiling Implementation,"Master App Performance Profiling to build robust, industry-level Mobile Development projects. This module covers advanced techniques and real-world deployment strategies. Level 5 specialization.",2
Mobile Development,Advanced Native Performance Implementation,Intermediate,76,Advanced Native Performance Implementation,"Master Native Performance to build robust, industry-level Mobile Development projects. This module covers advanced techniques and real-world deployment strategies. Level 6 specialization.",2
Mobile Development,Advanced Platform Channels Implementation,Intermediate,77,Advanced Platform Channels Implementation,"Master Platform Channels to build robust, industry-level Mobile Development projects. This module covers advanced techniques and real-world deployment strategies. Level 6 specialization.",2
Mobile Development,Advanced State Management (Riverpod) Implementation,Intermediate,78,Advanced State Management (Riverpod) Implementation,"Master State Management (Riverpod) to build robust, industry-level Mobile Development projects. This module covers advanced techniques and real-world deployment strategies. Level 6 specialization.",2
Mobile Development,Advanced Animations (Lottie) Implementation,Intermediate,79,Advanced Animations (Lottie) Implementation,"Master Animations (Lottie) to build robust, industry-level Mobile Development projects. This module covers advanced techniques and real-world deployment strategies. Level 6 specialization.",2
Mobile Development,Advanced Background Tasks Implementation,Intermediate,80,Advanced Background Tasks Implementation,"Master Background Tasks to build robust, industry-level Mobile Development projects. This module covers advanced techniques and real-world deployment strategies. Level 6 specialization.",2
Mobile Development,Advanced Deep Linking Implementation,Intermediate,81,Advanced Deep Linking Implementation,"Master Deep Linking to build robust, industry-level Mobile Development projects. This module covers advanced techniques and real-world deployment strategies. Level 6 specialization.",2
Mobile Development,Advanced Biometric Auth Implementation,Intermediate,82,Advanced Biometric Auth Implementation,"Master Biometric Auth to build robust, industry-level Mobile Development projects. This module covers advanced techniques and real-world deployment strategies. Level 6 specialization.",2
Mobile Development,Advanced Payment Integration Implementation,Intermediate,83,Advanced Payment Integration Implementation,"Master Payment Integration to build robust, industry-level Mobile Development projects. This module covers advanced techniques and real-world deployment strategies. Level 6 specialization.",2
Mobile Development,Advanced Offline Sync Implementation,Intermediate,84,Advanced Offline Sync Implementation,"Master Offline Sync to build robust, industry-level Mobile Development projects. This module covers advanced techniques and real-world deployment strategies. Level 6 specialization.",2
Mobile Development,Advanced App Performance Profiling Implementation,Intermediate,85,Advanced App Performance Profiling Implementation,"Master App Performance Profiling to build robust, industry-level Mobile Development projects. This module covers advanced techniques and real-world deployment strategies. Level 6 specialization.",2
Mobile Development,Advanced Native Performance Implementation,Intermediate,86,Advanced Native Performance Implementation,"Master Native Performance to build robust, industry-level Mobile Development projects. This module covers advanced techniques and real-world deployment strategies. Level 7 specialization.",2
Mobile Development,Advanced Platform Channels Implementation,Intermediate,87,Advanced Platform Channels Implementation,"Master Platform Channels to build robust, industry-level Mobile Development projects. This module covers advanced techniques and real-world deployment strategies. Level 7 specialization.",2
Mobile Development,Advanced State Management (Riverpod) Implementation,Intermediate,88,Advanced State Management (Riverpod) Implementation,"Master State Management (Riverpod) to build robust, industry-level Mobile Development projects. This module covers advanced techniques and real-world deployment strategies. Level 7 specialization.",2
Mobile Development,Advanced Animations (Lottie) Implementation,Intermediate,89,Advanced Animations (Lottie) Implementation,"Master Animations (Lottie) to build robust, industry-level Mobile Development projects. This module covers advanced techniques and real-world deployment strategies. Level 7 specialization.",2
Mobile Development,Advanced Background Tasks Implementation,Intermediate,90,Advanced Background Tasks Implementation,"Master Background Tasks to build robust, industry-level Mobile Development projects. This module covers advanced techniques and real-world deployment strategies. Level 7 specialization.",2
Mobile Development,Advanced Deep Linking Implementation,Intermediate,91,Advanced Deep Linking Implementation,"Master Deep Linking to build robust, industry-level Mobile Development projects. This module covers advanced techniques and real-world deployment strategies. Level 7 specialization.",2
Mobile Development,Advanced Biometric Auth Implementation,Intermediate,92,Advanced Biometric Auth Implementation,"Master Biometric Auth to build robust, industry-level Mobile Development projects. This module covers advanced techniques and real-world deployment strategies. Level 7 specialization.",2
Mobile Development,Advanced Payment Integration Implementation,Intermediate,93,Advanced Payment Integration Implementation,"Master Payment Integration to build robust, industry-level Mobile Development projects. This module covers advanced techniques and real-world deployment strategies. Level 7 specialization.",2
Mobile Development,Advanced Offline Sync Implementation,Intermediate,94,Advanced Offline Sync Implementation,"Master Offline Sync to build robust, industry-level Mobile Development projects. This module covers advanced techniques and real-world deployment strategies. Level 7 specialization.",2
Mobile Development,Advanced App Performance Profiling Implementation,Intermediate,95,Advanced App Performance Profiling Implementation,"Master App Performance Profiling to build robust, industry-level Mobile Development projects. This module covers advanced techniques and real-world deployment strategies. Level 7 specialization.",2
Mobile Development,Advanced Native Performance Implementation,Intermediate,96,Advanced Native Performance Implementation,"Master Native Performance to build robust, industry-level Mobile Development projects. This module covers advanced techniques and real-world deployment strategies. Level 8 specialization.",2
Mobile Development,Advanced Platform Channels Implementation,Intermediate,97,Advanced Platform Channels Implementation,"Master Platform Channels to build robust, industry-level Mobile Development projects. This module covers advanced techniques and real-world deployment strategies. Level 8 specialization.",2
Mobile Development,Advanced State Management (Riverpod) Implementation,Intermediate,98,Advanced State Management (Riverpod) Implementation,"Master State Management (Riverpod) to build robust, industry-level Mobile Development projects. This module covers advanced techniques and real-world deployment strategies. Level 8 specialization.",2
Mobile Development,Advanced Animations (Lottie) Implementation,Intermediate,99,Advanced Animations (Lottie) Implementation,"Master Animations (Lottie) to build robust, industry-level Mobile Development projects. This module covers advanced techniques and real-world deployment strategies. Level 8 specialization.",2
Mobile Development,Advanced Background Tasks Implementation,Intermediate,100,Advanced Background Tasks Implementation,"Master Background Tasks to build robust, industry-level Mobile Development projects. This module covers advanced techniques and real-world deployment strategies. Level 8 specialization.",2
Cloud Computing,Intro to Cloud,Beginner,1,Intro to Cloud,"Understanding IaaS, PaaS, and SaaS models.",3
Cloud Computing,AWS Core Services,Beginner,2,AWS Core Services,"Mastering EC2, S3, and RDS for basic cloud infrastructure.",3
Cloud Computing,Azure Fundamentals,Beginner,3,Azure Fundamentals,Introduction to Microsoft's cloud platform and services.,3
Cloud Computing,Google Cloud Platform,Beginner,4,Google Cloud Platform,Building and deploying apps on GCP.,3
Cloud Computing,Serverless Architecture,Beginner,5,Serverless Architecture,Using AWS Lambda and Cloud Functions for event-driven computing.,3
Cloud Computing,Containers & Docker,Beginner,6,Containers & Docker,Packaging applications for consistent deployment across environments.,3
Cloud Computing,Kubernetes Orchestration,Beginner,7,Kubernetes Orchestration,Managing containerized applications at scale.,3
Cloud Computing,Cloud Storage Patterns,Beginner,8,Cloud Storage Patterns,"Choosing between object, block, and file storage.",3
Cloud Computing,Identity & Access Management,Beginner,9,Identity & Access Management,Managing users and permissions with IAM roles.,3
Cloud Computing,DevOps & CI/CD,Beginner,10,DevOps & CI/CD,Automating deployments using cloud-native tools.,3
Cloud Computing,Multi-cloud Strategy,Beginner,11,Multi-cloud Strategy,"Master Multi-cloud Strategy to build robust, industry-level Cloud Computing projects. This module covers advanced techniques and real-world deployment strategies. Level 1 specialization.",3
Cloud Computing,Cloud Cost Optimization,Beginner,12,Cloud Cost Optimization,"Master Cloud Cost Optimization to build robust, industry-level Cloud Computing projects. This module covers advanced techniques and real-world deployment strategies. Level 1 specialization.",3
Cloud Computing,Infrastructure Compliance,Beginner,13,Infrastructure Compliance,"Master Infrastructure Compliance to build robust, industry-level Cloud Computing projects. This module covers advanced techniques and real-world deployment strategies. Level 1 specialization.",3
Cloud Computing,Disaster Recovery Testing,Beginner,14,Disaster Recovery Testing,"Master Disaster Recovery Testing to build robust, industry-level Cloud Computing projects. This module covers advanced techniques and real-world deployment strategies. Level 1 specialization.",3
Cloud Computing,Kubernetes Networking,Beginner,15,Kubernetes Networking,"Master Kubernetes Networking to build robust, industry-level Cloud Computing projects. This module covers advanced techniques and real-world deployment strategies. Level 1 specialization.",3
Cloud Computing,Service Mesh (Istio),Foundational,16,Service Mesh (Istio),"Master Service Mesh (Istio) to build robust, industry-level Cloud Computing projects. This module covers advanced techniques and real-world deployment strategies. Level 1 specialization.",3
Cloud Computing,Edge Computing Basics,Foundational,17,Edge Computing Basics,"Master Edge Computing Basics to build robust, industry-level Cloud Computing projects. This module covers advanced techniques and real-world deployment strategies. Level 1 specialization.",3
Cloud Computing,Hybrid Cloud Connectivity,Foundational,18,Hybrid Cloud Connectivity,"Master Hybrid Cloud Connectivity to build robust, industry-level Cloud Computing projects. This module covers advanced techniques and real-world deployment strategies. Level 1 specialization.",3
Cloud Computing,Global Traffic Management,Foundational,19,Global Traffic Management,"Master Global Traffic Management to build robust, industry-level Cloud Computing projects. This module covers advanced techniques and real-world deployment strategies. Level 1 specialization.",3
Cloud Computing,Cloud Data Governance,Foundational,20,Cloud Data Governance,"Master Cloud Data Governance to build robust, industry-level Cloud Computing projects. This module covers advanced techniques and real-world deployment strategies. Level 1 specialization.",3
Cloud Computing,Deep Dive: Multi-cloud Strategy,Foundational,21,Deep Dive: Multi-cloud Strategy,"Master Multi-cloud Strategy to build robust, industry-level Cloud Computing projects. This module covers advanced techniques and real-world deployment strategies. Level 2 specialization.",3
Cloud Computing,Deep Dive: Cloud Cost Optimization,Foundational,22,Deep Dive: Cloud Cost Optimization,"Master Cloud Cost Optimization to build robust, industry-level Cloud Computing projects. This module covers advanced techniques and real-world deployment strategies. Level 2 specialization.",3
Cloud Computing,Deep Dive: Infrastructure Compliance,Foundational,23,Deep Dive: Infrastructure Compliance,"Master Infrastructure Compliance to build robust, industry-level Cloud Computing projects. This module covers advanced techniques and real-world deployment strategies. Level 2 specialization.",3
Cloud Computing,Deep Dive: Disaster Recovery Testing,Foundational,24,Deep Dive: Disaster Recovery Testing,"Master Disaster Recovery Testing to build robust, industry-level Cloud Computing projects. This module covers advanced techniques and real-world deployment strategies. Level 2 specialization.",3
Cloud Computing,Deep Dive: Kubernetes Networking,Foundational,25,Deep Dive: Kubernetes Networking,"Master Kubernetes Networking to build robust, industry-level Cloud Computing projects. This module covers advanced techniques and real-world deployment strategies. Level 2 specialization.",3
Cloud Computing,Deep Dive: Service Mesh (Istio),Foundational,26,Deep Dive: Service Mesh (Istio),"Master Service Mesh (Istio) to build robust, industry-level Cloud Computing projects. This module covers advanced techniques and real-world deployment strategies. Level 2 specialization.",3
Cloud Computing,Deep Dive: Edge Computing Basics,Foundational,27,Deep Dive: Edge Computing Basics,"Master Edge Computing Basics to build robust, industry-level Cloud Computing projects. This module covers advanced techniques and real-world deployment strategies. Level 2 specialization.",3
Cloud Computing,Deep Dive: Hybrid Cloud Connectivity,Foundational,28,Deep Dive: Hybrid Cloud Connectivity,"Master Hybrid Cloud Connectivity to build robust, industry-level Cloud Computing projects. This module covers advanced techniques and real-world deployment strategies. Level 2 specialization.",3
Cloud Computing,Deep Dive: Global Traffic Management,Foundational,29,Deep Dive: Global Traffic Management,"Master Global Traffic Management to build robust, industry-level Cloud Computing projects. This module covers advanced techniques and real-world deployment strategies. Level 2 specialization.",3
Cloud Computing,Deep Dive: Cloud Data Governance,Foundational,30,Deep Dive: Cloud Data Governance,"Master Cloud Data Governance to build robust, industry-level Cloud Computing projects. This module covers advanced techniques and real-world deployment strategies. Level 2 specialization.",3
Cloud Computing,Expert Multi-cloud Strategy Patterns,Foundational,31,Expert Multi-cloud Strategy Patterns,"Master Multi-cloud Strategy to build robust, industry-level Cloud Computing projects. This module covers advanced techniques and real-world deployment strategies. Level 3 specialization.",3
Cloud Computing,Expert Cloud Cost Optimization Patterns,Foundational,32,Expert Cloud Cost Optimization Patterns,"Master Cloud Cost Optimization to build robust, industry-level Cloud Computing projects. This module covers advanced techniques and real-world deployment strategies. Level 3 specialization.",3
Cloud Computing,Expert Infrastructure Compliance Patterns,Foundational,33,Expert Infrastructure Compliance Patterns,"Master Infrastructure Compliance to build robust, industry-level Cloud Computing projects. This module covers advanced techniques and real-world deployment strategies. Level 3 specialization.",3
Cloud Computing,Expert Disaster Recovery Testing Patterns,Foundational,34,Expert Disaster Recovery Testing Patterns,"Master Disaster Recovery Testing to build robust, industry-level Cloud Computing projects. This module covers advanced techniques and real-world deployment strategies. Level 3 specialization.",3
Cloud Computing,Expert Kubernetes Networking Patterns,Foundational,35,Expert Kubernetes Networking Patterns,"Master Kubernetes Networking to build robust, industry-level Cloud Computing projects. This module covers advanced techniques and real-world deployment strategies. Level 3 specialization.",3
Cloud Computing,Expert Service Mesh (Istio) Patterns,Intermediate,36,Expert Service Mesh (Istio) Patterns,"Master Service Mesh (Istio) to build robust, industry-level Cloud Computing projects. This module covers advanced techniques and real-world deployment strategies. Level 3 specialization.",3
Cloud Computing,Expert Edge Computing Basics Patterns,Intermediate,37,Expert Edge Computing Basics Patterns,"Master Edge Computing Basics to build robust, industry-level Cloud Computing projects. This module covers advanced techniques and real-world deployment strategies. Level 3 specialization.",3
Cloud Computing,Expert Hybrid Cloud Connectivity Patterns,Intermediate,38,Expert Hybrid Cloud Connectivity Patterns,"Master Hybrid Cloud Connectivity to build robust, industry-level Cloud Computing projects. This module covers advanced techniques and real-world deployment strategies. Level 3 specialization.",3
Cloud Computing,Expert Global Traffic Management Patterns,Intermediate,39,Expert Global Traffic Management Patterns,"Master Global Traffic Management to build robust, industry-level Cloud Computing projects. This module covers advanced techniques and real-world deployment strategies. Level 3 specialization.",3
Cloud Computing,Expert Cloud Data Governance Patterns,Intermediate,40,Expert Cloud Data Governance Patterns,"Master Cloud Data Governance to build robust, industry-level Cloud Computing projects. This module covers advanced techniques and real-world deployment strategies. Level 3 specialization.",3
Cloud Computing,Advanced Multi-cloud Strategy Implementation,Intermediate,41,Advanced Multi-cloud Strategy Implementation,"Master Multi-cloud Strategy to build robust, industry-level Cloud Computing projects. This module covers advanced techniques and real-world deployment strategies. Level 4 specialization.",3
Cloud Computing,Advanced Cloud Cost Optimization Implementation,Intermediate,42,Advanced Cloud Cost Optimization Implementation,"Master Cloud Cost Optimization to build robust, industry-level Cloud Computing projects. This module covers advanced techniques and real-world deployment strategies. Level 4 specialization.",3
Cloud Computing,Advanced Infrastructure Compliance Implementation,Intermediate,43,Advanced Infrastructure Compliance Implementation,"Master Infrastructure Compliance to build robust, industry-level Cloud Computing projects. This module covers advanced techniques and real-world deployment strategies. Level 4 specialization.",3
Cloud Computing,Advanced Disaster Recovery Testing Implementation,Intermediate,44,Advanced Disaster Recovery Testing Implementation,"Master Disaster Recovery Testing to build robust, industry-level Cloud Computing projects. This module covers advanced techniques and real-world deployment strategies. Level 4 specialization.",3
Cloud Computing,Advanced Kubernetes Networking Implementation,Intermediate,45,Advanced Kubernetes Networking Implementation,"Master Kubernetes Networking to build robust, industry-level Cloud Computing projects. This module covers advanced techniques and real-world deployment strategies. Level 4 specialization.",3
Cloud Computing,Advanced Service Mesh (Istio) Implementation,Intermediate,46,Advanced Service Mesh (Istio) Implementation,"Master Service Mesh (Istio) to build robust, industry-level Cloud Computing projects. This module covers advanced techniques and real-world deployment strategies. Level 4 specialization.",3
Cloud Computing,Advanced Edge Computing Basics Implementation,Intermediate,47,Advanced Edge Computing Basics Implementation,"Master Edge Computing Basics to build robust, industry-level Cloud Computing projects. This module covers advanced techniques and real-world deployment strategies. Level 4 specialization.",3
Cloud Computing,Advanced Hybrid Cloud Connectivity Implementation,Intermediate,48,Advanced Hybrid Cloud Connectivity Implementation,"Master Hybrid Cloud Connectivity to build robust, industry-level Cloud Computing projects. This module covers advanced techniques and real-world deployment strategies. Level 4 specialization.",3
Cloud Computing,Advanced Global Traffic Management Implementation,Intermediate,49,Advanced Global Traffic Management Implementation,"Master Global Traffic Management to build robust, industry-level Cloud Computing projects. This module covers advanced techniques and real-world deployment strategies. Level 4 specialization.",3
Cloud Computing,Advanced Cloud Data Governance Implementation,Intermediate,50,Advanced Cloud Data Governance Implementation,"Master Cloud Data Governance to build robust, industry-level Cloud Computing projects. This module covers advanced techniques and real-world deployment strategies. Level 4 specialization.",3
Cloud Computing,Advanced Multi-cloud Strategy Implementation,Intermediate,51,Advanced Multi-cloud Strategy Implementation,"Master Multi-cloud Strategy to build robust, industry-level Cloud Computing projects. This module covers advanced techniques and real-world deployment strategies. Level 5 specialization.",3
Cloud Computing,Advanced Cloud Cost Optimization Implementation,Intermediate,52,Advanced Cloud Cost Optimization Implementation,"Master Cloud Cost Optimization to build robust, industry-level Cloud Computing projects. This module covers advanced techniques and real-world deployment strategies. Level 5 specialization.",3
Cloud Computing,Advanced Infrastructure Compliance Implementation,Intermediate,53,Advanced Infrastructure Compliance Implementation,"Master Infrastructure Compliance to build robust, industry-level Cloud Computing projects. This module covers advanced techniques and real-world deployment strategies. Level 5 specialization.",3
Cloud Computing,Advanced Disaster Recovery Testing Implementation,Intermediate,54,Advanced Disaster Recovery Testing Implementation,"Master Disaster Recovery Testing to build robust, industry-level Cloud Computing projects. This module covers advanced techniques and real-world deployment strategies. Level 5 specialization.",3
Cloud Computing,Advanced Kubernetes Networking Implementation,Intermediate,55,Advanced Kubernetes Networking Implementation,"Master Kubernetes Networking to build robust, industry-level Cloud Computing projects. This module covers advanced techniques and real-world deployment strategies. Level 5 specialization.",3
Cloud Computing,Advanced Service Mesh (Istio) Implementation,Intermediate,56,Advanced Service Mesh (Istio) Implementation,"Master Service Mesh (Istio) to build robust, industry-level Cloud Computing projects. This module covers advanced techniques and real-world deployment strategies. Level 5 specialization.",3
Cloud Computing,Advanced Edge Computing Basics Implementation,Intermediate,57,Advanced Edge Computing Basics Implementation,"Master Edge Computing Basics to build robust, industry-level Cloud Computing projects. This module covers advanced techniques and real-world deployment strategies. Level 5 specialization.",3
Cloud Computing,Advanced Hybrid Cloud Connectivity Implementation,Intermediate,58,Advanced Hybrid Cloud Connectivity Implementation,"Master Hybrid Cloud Connectivity to build robust, industry-level Cloud Computing projects. This module covers advanced techniques and real-world deployment strategies. Level 5 specialization.",3
Cloud Computing,Advanced Global Traffic Management Implementation,Intermediate,59,Advanced Global Traffic Management Implementation,"Master Global Traffic Management to build robust, industry-level Cloud Computing projects. This module covers advanced techniques and real-world deployment strategies. Level 5 specialization.",3
Cloud Computing,Advanced Cloud Data Governance Implementation,Intermediate,60,Advanced Cloud Data Governance Implementation,"Master Cloud Data Governance to build robust, industry-level Cloud Computing projects. This module covers advanced techniques and real-world deployment strategies. Level 5 specialization.",3
Cloud Computing,Advanced Multi-cloud Strategy Implementation,Intermediate,61,Advanced Multi-cloud Strategy Implementation,"Master Multi-cloud Strategy to build robust, industry-level Cloud Computing projects. This module covers advanced techniques and real-world deployment strategies. Level 6 specialization.",3
Cloud Computing,Advanced Cloud Cost Optimization Implementation,Intermediate,62,Advanced Cloud Cost Optimization Implementation,"Master Cloud Cost Optimization to build robust, industry-level Cloud Computing projects. This module covers advanced techniques and real-world deployment strategies. Level 6 specialization.",3
Cloud Computing,Advanced Infrastructure Compliance Implementation,Intermediate,63,Advanced Infrastructure Compliance Implementation,"Master Infrastructure Compliance to build robust, industry-level Cloud Computing projects. This module covers advanced techniques and real-world deployment strategies. Level 6 specialization.",3
Cloud Computing,Advanced Disaster Recovery Testing Implementation,Intermediate,64,Advanced Disaster Recovery Testing Implementation,"Master Disaster Recovery Testing to build robust, industry-level Cloud Computing projects. This module covers advanced techniques and real-world deployment strategies. Level 6 specialization.",3
Cloud Computing,Advanced Kubernetes Networking Implementation,Intermediate,65,Advanced Kubernetes Networking Implementation,"Master Kubernetes Networking to build robust, industry-level Cloud Computing projects. This module covers advanced techniques and real-world deployment strategies. Level 6 specialization.",3
Cloud Computing,Advanced Service Mesh (Istio) Implementation,Intermediate,66,Advanced Service Mesh (Istio) Implementation,"Master Service Mesh (Istio) to build robust, industry-level Cloud Computing projects. This module covers advanced techniques and real-world deployment strategies. Level 6 specialization.",3
Cloud Computing,Advanced Edge Computing Basics Implementation,Intermediate,67,Advanced Edge Computing Basics Implementation,"Master Edge Computing Basics to build robust, industry-level Cloud Computing projects. This module covers advanced techniques and real-world deployment strategies. Level 6 specialization.",3
Cloud Computing,Advanced Hybrid Cloud Connectivity Implementation,Intermediate,68,Advanced Hybrid Cloud Connectivity Implementation,"Master Hybrid Cloud Connectivity to build robust, industry-level Cloud Computing projects. This module covers advanced techniques and real-world deployment strategies. Level 6 specialization.",3
Cloud Computing,Advanced Global Traffic Management Implementation,Intermediate,69,Advanced Global Traffic Management Implementation,"Master Global Traffic Management to build robust, industry-level Cloud Computing projects. This module covers advanced techniques and real-world deployment strategies. Level 6 specialization.",3
Cloud Computing,Advanced Cloud Data Governance Implementation,Intermediate,70,Advanced Cloud Data Governance Implementation,"Master Cloud Data Governance to build robust, industry-level Cloud Computing projects. This module covers advanced techniques and real-world deployment strategies. Level 6 specialization.",3
Cloud Computing,Advanced Multi-cloud Strategy Implementation,Intermediate,71,Advanced Multi-cloud Strategy Implementation,"Master Multi-cloud Strategy to build robust, industry-level Cloud Computing projects. This module covers advanced techniques and real-world deployment strategies. Level 7 specialization.",3
Cloud Computing,Advanced Cloud Cost Optimization Implementation,Intermediate,72,Advanced Cloud Cost Optimization Implementation,"Master Cloud Cost Optimization to build robust, industry-level Cloud Computing projects. This module covers advanced techniques and real-world deployment strategies. Level 7 specialization.",3
Cloud Computing,Advanced Infrastructure Compliance Implementation,Intermediate,73,Advanced Infrastructure Compliance Implementation,"Master Infrastructure Compliance to build robust, industry-level Cloud Computing projects. This module covers advanced techniques and real-world deployment strategies. Level 7 specialization.",3
Cloud Computing,Advanced Disaster Recovery Testing Implementation,Intermediate,74,Advanced Disaster Recovery Testing Implementation,"Master Disaster Recovery Testing to build robust, industry-level Cloud Computing projects. This module covers advanced techniques and real-world deployment strategies. Level 7 specialization.",3
Cloud Computing,Advanced Kubernetes Networking Implementation,Intermediate,75,Advanced Kubernetes Networking Implementation,"Master Kubernetes Networking to build robust, industry-level Cloud Computing projects. This module covers advanced techniques and real-world deployment strategies. Level 7 specialization.",3
Cloud Computing,Advanced Service Mesh (Istio) Implementation,Intermediate,76,Advanced Service Mesh (Istio) Implementation,"Master Service Mesh (Istio) to build robust, industry-level Cloud Computing projects. This module covers advanced techniques and real-world deployment strategies. Level 7 specialization.",3
Cloud Computing,Advanced Edge Computing Basics Implementation,Intermediate,77,Advanced Edge Computing Basics Implementation,"Master Edge Computing Basics to build robust, industry-level Cloud Computing projects. This module covers advanced techniques and real-world deployment strategies. Level 7 specialization.",3
Cloud Computing,Advanced Hybrid Cloud Connectivity Implementation,Intermediate,78,Advanced Hybrid Cloud Connectivity Implementation,"Master Hybrid Cloud Connectivity to build robust, industry-level Cloud Computing projects. This module covers advanced techniques and real-world deployment strategies. Level 7 specialization.",3
Cloud Computing,Advanced Global Traffic Management Implementation,Intermediate,79,Advanced Global Traffic Management Implementation,"Master Global Traffic Management to build robust, industry-level Cloud Computing projects. This module covers advanced techniques and real-world deployment strategies. Level 7 specialization.",3
Cloud Computing,Advanced Cloud Data Governance Implementation,Intermediate,80,Advanced Cloud Data Governance Implementation,"Master Cloud Data Governance to build robust, industry-level Cloud Computing projects. This module covers advanced techniques and real-world deployment strategies. Level 7 specialization.",3
Cloud Computing,Advanced Multi-cloud Strategy Implementation,Intermediate,81,Advanced Multi-cloud Strategy Implementation,"Master Multi-cloud Strategy to build robust, industry-level Cloud Computing projects. This module covers advanced techniques and real-world deployment strategies. Level 8 specialization.",3
Cloud Computing,Advanced Cloud Cost Optimization Implementation,Intermediate,82,Advanced Cloud Cost Optimization Implementation,"Master Cloud Cost Optimization to build robust, industry-level Cloud Computing projects. This module covers advanced techniques and real-world deployment strategies. Level 8 specialization.",3
Cloud Computing,Advanced Infrastructure Compliance Implementation,Intermediate,83,Advanced Infrastructure Compliance Implementation,"Master Infrastructure Compliance to build robust, industry-level Cloud Computing projects. This module covers advanced techniques and real-world deployment strategies. Level 8 specialization.",3
Cloud Computing,Advanced Disaster Recovery Testing Implementation,Intermediate,84,Advanced Disaster Recovery Testing Implementation,"Master Disaster Recovery Testing to build robust, industry-level Cloud Computing projects. This module covers advanced techniques and real-world deployment strategies. Level 8 specialization.",3
Cloud Computing,Advanced Kubernetes Networking Implementation,Intermediate,85,Advanced Kubernetes Networking Implementation,"Master Kubernetes Networking to build robust, industry-level Cloud Computing projects. This module covers advanced techniques and real-world deployment strategies. Level 8 specialization.",3
Cloud Computing,Advanced Service Mesh (Istio) Implementation,Intermediate,86,Advanced Service Mesh (Istio) Implementation,"Master Service Mesh (Istio) to build robust, industry-level Cloud Computing projects. This module covers advanced techniques and real-world deployment strategies. Level 8 specialization.",3
Cloud Computing,Advanced Edge Computing Basics Implementation,Intermediate,87,Advanced Edge Computing Basics Implementation,"Master Edge Computing Basics to build robust, industry-level Cloud Computing projects. This module covers advanced techniques and real-world deployment strategies. Level 8 specialization.",3
Cloud Computing,Advanced Hybrid Cloud Connectivity Implementation,Intermediate,88,Advanced Hybrid Cloud Connectivity Implementation,"Master Hybrid Cloud Connectivity to build robust, industry-level Cloud Computing projects. This module covers advanced techniques and real-world deployment strategies. Level 8 specialization.",3
Cloud Computing,Advanced Global Traffic Management Implementation,Intermediate,89,Advanced Global Traffic Management Implementation,"Master Global Traffic Management to build robust, industry-level Cloud Computing projects. This module covers advanced techniques and real-world deployment strategies. Level 8 specialization.",3
Cloud Computing,Advanced Cloud Data Governance Implementation,Intermediate,90,Advanced Cloud Data Governance Implementation,"Master Cloud Data Governance to build robust, industry-level Cloud Computing projects. This module covers advanced techniques and real-world deployment strategies. Level 8 specialization.",3
Cloud Computing,Advanced Multi-cloud Strategy Implementation,Intermediate,91,Advanced Multi-cloud Strategy Implementation,"Master Multi-cloud Strategy to build robust, industry-level Cloud Computing projects. This module covers advanced techniques and real-world deployment strategies. Level 9 specialization.",3
Cloud Computing,Advanced Cloud Cost Optimization Implementation,Intermediate,92,Advanced Cloud Cost Optimization Implementation,"Master Cloud Cost Optimization to build robust, industry-level Cloud Computing projects. This module covers advanced techniques and real-world deployment strategies. Level 9 specialization.",3
Cloud Computing,Advanced Infrastructure Compliance Implementation,Intermediate,93,Advanced Infrastructure Compliance Implementation,"Master Infrastructure Compliance to build robust, industry-level Cloud Computing projects. This module covers advanced techniques and real-world deployment strategies. Level 9 specialization.",3
Cloud Computing,Advanced Disaster Recovery Testing Implementation,Intermediate,94,Advanced Disaster Recovery Testing Implementation,"Master Disaster Recovery Testing to build robust, industry-level Cloud Computing projects. This module covers advanced techniques and real-world deployment strategies. Level 9 specialization.",3
Cloud Computing,Advanced Kubernetes Networking Implementation,Intermediate,95,Advanced Kubernetes Networking Implementation,"Master Kubernetes Networking to build robust, industry-level Cloud Computing projects. This module covers advanced techniques and real-world deployment strategies. Level 9 specialization.",3
Cloud Computing,Advanced Service Mesh (Istio) Implementation,Intermediate,96,Advanced Service Mesh (Istio) Implementation,"Master Service Mesh (Istio) to build robust, industry-level Cloud Computing projects. This module covers advanced techniques and real-world deployment strategies. Level 9 specialization.",3
Cloud Computing,Advanced Edge Computing Basics Implementation,Intermediate,97,Advanced Edge Computing Basics Implementation,"Master Edge Computing Basics to build robust, industry-level Cloud Computing projects. This module covers advanced techniques and real-world deployment strategies. Level 9 specialization.",3
Cloud Computing,Advanced Hybrid Cloud Connectivity Implementation,Intermediate,98,Advanced Hybrid Cloud Connectivity Implementation,"Master Hybrid Cloud Connectivity to build robust, industry-level Cloud Computing projects. This module covers advanced techniques and real-world deployment strategies. Level 9 specialization.",3
Cloud Computing,Advanced Global Traffic Management Implementation,Intermediate,99,Advanced Global Traffic Management Implementation,"Master Global Traffic Management to build robust, industry-level Cloud Computing projects. This module covers advanced techniques and real-world deployment strategies. Level 9 specialization.",3
Cloud Computing,Advanced Cloud Data Governance Implementation,Intermediate,100,Advanced Cloud Data Governance Implementation,"Master Cloud Data Governance to build robust, industry-level Cloud Computing projects. This module covers advanced techniques and real-world deployment strategies. Level 9 specialization.",3
Cybersecurity,Intro to Cybersecurity,Beginner,1,Intro to Cybersecurity,"The CIA triad: Confidentiality, Integrity, and Availability.",4
Cybersecurity,Networking Basics,Beginner,2,Networking Basics,"Understanding TCP/IP, DNS, and how data moves across the internet.",4
Cybersecurity,Linux for Hackers,Beginner,3,Linux for Hackers,"Mastering the command line, permissions, and bash scripting.",4
Cybersecurity,Web Vulnerabilities (OWASP),Beginner,4,Web Vulnerabilities (OWASP),"Learning about SQL Injection, XSS, and Cross-Site Request Forgery.",4
Cybersecurity,Cryptography Basics,Beginner,5,Cryptography Basics,Understanding symmetric vs asymmetric encryption and hashing.,4
Cybersecurity,Ethical Hacking Tools,Beginner,6,Ethical Hacking Tools,"Introduction to Nmap, Metasploit, and Burp Suite.",4
Cybersecurity,Network Security,Beginner,7,Network Security,"Configuring firewalls, VPNs, and intrusion detection systems.",4
Cybersecurity,Social Engineering,Beginner,8,Social Engineering,"Understanding phishing, baiting, and psychological manipulation.",4
Cybersecurity,Incident Response,Beginner,9,Incident Response,How to react and recover from a security breach.,4
Cybersecurity,Cloud Security,Beginner,10,Cloud Security,"Securing AWS, Azure, and Google Cloud environments.",4
Cybersecurity,Pentesting Methodologies,Beginner,11,Pentesting Methodologies,"Master Pentesting Methodologies to build robust, industry-level Cybersecurity projects. This module covers advanced techniques and real-world deployment strategies. Level 1 specialization.",4
Cybersecurity,Malware Analysis,Beginner,12,Malware Analysis,"Master Malware Analysis to build robust, industry-level Cybersecurity projects. This module covers advanced techniques and real-world deployment strategies. Level 1 specialization.",4
Cybersecurity,Forensics Basics,Beginner,13,Forensics Basics,"Master Forensics Basics to build robust, industry-level Cybersecurity projects. This module covers advanced techniques and real-world deployment strategies. Level 1 specialization.",4
Cybersecurity,Kernel Exploitation,Beginner,14,Kernel Exploitation,"Master Kernel Exploitation to build robust, industry-level Cybersecurity projects. This module covers advanced techniques and real-world deployment strategies. Level 1 specialization.",4
Cybersecurity,Wireless Security,Beginner,15,Wireless Security,"Master Wireless Security to build robust, industry-level Cybersecurity projects. This module covers advanced techniques and real-world deployment strategies. Level 1 specialization.",4
Cybersecurity,Active Directory Hacking,Foundational,16,Active Directory Hacking,"Master Active Directory Hacking to build robust, industry-level Cybersecurity projects. This module covers advanced techniques and real-world deployment strategies. Level 1 specialization.",4
Cybersecurity,Bug Bounty Hunting,Foundational,17,Bug Bounty Hunting,"Master Bug Bounty Hunting to build robust, industry-level Cybersecurity projects. This module covers advanced techniques and real-world deployment strategies. Level 1 specialization.",4
Cybersecurity,Cloud Threat Modeling,Foundational,18,Cloud Threat Modeling,"Master Cloud Threat Modeling to build robust, industry-level Cybersecurity projects. This module covers advanced techniques and real-world deployment strategies. Level 1 specialization.",4
Cybersecurity,Zero Trust Architecture,Foundational,19,Zero Trust Architecture,"Master Zero Trust Architecture to build robust, industry-level Cybersecurity projects. This module covers advanced techniques and real-world deployment strategies. Level 1 specialization.",4
Cybersecurity,SOC Operations,Foundational,20,SOC Operations,"Master SOC Operations to build robust, industry-level Cybersecurity projects. This module covers advanced techniques and real-world deployment strategies. Level 1 specialization.",4
Cybersecurity,Deep Dive: Pentesting Methodologies,Foundational,21,Deep Dive: Pentesting Methodologies,"Master Pentesting Methodologies to build robust, industry-level Cybersecurity projects. This module covers advanced techniques and real-world deployment strategies. Level 2 specialization.",4
Cybersecurity,Deep Dive: Malware Analysis,Foundational,22,Deep Dive: Malware Analysis,"Master Malware Analysis to build robust, industry-level Cybersecurity projects. This module covers advanced techniques and real-world deployment strategies. Level 2 specialization.",4
Cybersecurity,Deep Dive: Forensics Basics,Foundational,23,Deep Dive: Forensics Basics,"Master Forensics Basics to build robust, industry-level Cybersecurity projects. This module covers advanced techniques and real-world deployment strategies. Level 2 specialization.",4
Cybersecurity,Deep Dive: Kernel Exploitation,Foundational,24,Deep Dive: Kernel Exploitation,"Master Kernel Exploitation to build robust, industry-level Cybersecurity projects. This module covers advanced techniques and real-world deployment strategies. Level 2 specialization.",4
Cybersecurity,Deep Dive: Wireless Security,Foundational,25,Deep Dive: Wireless Security,"Master Wireless Security to build robust, industry-level Cybersecurity projects. This module covers advanced techniques and real-world deployment strategies. Level 2 specialization.",4
Cybersecurity,Deep Dive: Active Directory Hacking,Foundational,26,Deep Dive: Active Directory Hacking,"Master Active Directory Hacking to build robust, industry-level Cybersecurity projects. This module covers advanced techniques and real-world deployment strategies. Level 2 specialization.",4
Cybersecurity,Deep Dive: Bug Bounty Hunting,Foundational,27,Deep Dive: Bug Bounty Hunting,"Master Bug Bounty Hunting to build robust, industry-level Cybersecurity projects. This module covers advanced techniques and real-world deployment strategies. Level 2 specialization.",4
Cybersecurity,Deep Dive: Cloud Threat Modeling,Foundational,28,Deep Dive: Cloud Threat Modeling,"Master Cloud Threat Modeling to build robust, industry-level Cybersecurity projects. This module covers advanced techniques and real-world deployment strategies. Level 2 specialization.",4
Cybersecurity,Deep Dive: Zero Trust Architecture,Foundational,29,Deep Dive: Zero Trust Architecture,"Master Zero Trust Architecture to build robust, industry-level Cybersecurity projects. This module covers advanced techniques and real-world deployment strategies. Level 2 specialization.",4
Cybersecurity,Deep Dive: SOC Operations,Foundational,30,Deep Dive: SOC Operations,"Master SOC Operations to build robust, industry-level Cybersecurity projects. This module covers advanced techniques and real-world deployment strategies. Level 2 specialization.",4
Cybersecurity,Expert Pentesting Methodologies Patterns,Foundational,31,Expert Pentesting Methodologies Patterns,"Master Pentesting Methodologies to build robust, industry-level Cybersecurity projects. This module covers advanced techniques and real-world deployment strategies. Level 3 specialization.",4
Cybersecurity,Expert Malware Analysis Patterns,Foundational,32,Expert Malware Analysis Patterns,"Master Malware Analysis to build robust, industry-level Cybersecurity projects. This module covers advanced techniques and real-world deployment strategies. Level 3 specialization.",4
Cybersecurity,Expert Forensics Basics Patterns,Foundational,33,Expert Forensics Basics Patterns,"Master Forensics Basics to build robust, industry-level Cybersecurity projects. This module covers advanced techniques and real-world deployment strategies. Level 3 specialization.",4
Cybersecurity,Expert Kernel Exploitation Patterns,Foundational,34,Expert Kernel Exploitation Patterns,"Master Kernel Exploitation to build robust, industry-level Cybersecurity projects. This module covers advanced techniques and real-world deployment strategies. Level 3 specialization.",4
Cybersecurity,Expert Wireless Security Patterns,Foundational,35,Expert Wireless Security Patterns,"Master Wireless Security to build robust, industry-level Cybersecurity projects. This module covers advanced techniques and real-world deployment strategies. Level 3 specialization.",4
Cybersecurity,Expert Active Directory Hacking Patterns,Intermediate,36,Expert Active Directory Hacking Patterns,"Master Active Directory Hacking to build robust, industry-level Cybersecurity projects. This module covers advanced techniques and real-world deployment strategies. Level 3 specialization.",4
Cybersecurity,Expert Bug Bounty Hunting Patterns,Intermediate,37,Expert Bug Bounty Hunting Patterns,"Master Bug Bounty Hunting to build robust, industry-level Cybersecurity projects. This module covers advanced techniques and real-world deployment strategies. Level 3 specialization.",4
Cybersecurity,Expert Cloud Threat Modeling Patterns,Intermediate,38,Expert Cloud Threat Modeling Patterns,"Master Cloud Threat Modeling to build robust, industry-level Cybersecurity projects. This module covers advanced techniques and real-world deployment strategies. Level 3 specialization.",4
Cybersecurity,Expert Zero Trust Architecture Patterns,Intermediate,39,Expert Zero Trust Architecture Patterns,"Master Zero Trust Architecture to build robust, industry-level Cybersecurity projects. This module covers advanced techniques and real-world deployment strategies. Level 3 specialization.",4
Cybersecurity,Expert SOC Operations Patterns,Intermediate,40,Expert SOC Operations Patterns,"Master SOC Operations to build robust, industry-level Cybersecurity projects. This module covers advanced techniques and real-world deployment strategies. Level 3 specialization.",4
Cybersecurity,Advanced Pentesting Methodologies Implementation,Intermediate,41,Advanced Pentesting Methodologies Implementation,"Master Pentesting Methodologies to build robust, industry-level Cybersecurity projects. This module covers advanced techniques and real-world deployment strategies. Level 4 specialization.",4
Cybersecurity,Advanced Malware Analysis Implementation,Intermediate,42,Advanced Malware Analysis Implementation,"Master Malware Analysis to build robust, industry-level Cybersecurity projects. This module covers advanced techniques and real-world deployment strategies. Level 4 specialization.",4
Cybersecurity,Advanced Forensics Basics Implementation,Intermediate,43,Advanced Forensics Basics Implementation,"Master Forensics Basics to build robust, industry-level Cybersecurity projects. This module covers advanced techniques and real-world deployment strategies. Level 4 specialization.",4
Cybersecurity,Advanced Kernel Exploitation Implementation,Intermediate,44,Advanced Kernel Exploitation Implementation,"Master Kernel Exploitation to build robust, industry-level Cybersecurity projects. This module covers advanced techniques and real-world deployment strategies. Level 4 specialization.",4
Cybersecurity,Advanced Wireless Security Implementation,Intermediate,45,Advanced Wireless Security Implementation,"Master Wireless Security to build robust, industry-level Cybersecurity projects. This module covers advanced techniques and real-world deployment strategies. Level 4 specialization.",4
Cybersecurity,Advanced Active Directory Hacking Implementation,Intermediate,46,Advanced Active Directory Hacking Implementation,"Master Active Directory Hacking to build robust, industry-level Cybersecurity projects. This module covers advanced techniques and real-world deployment strategies. Level 4 specialization.",4
Cybersecurity,Advanced Bug Bounty Hunting Implementation,Intermediate,47,Advanced Bug Bounty Hunting Implementation,"Master Bug Bounty Hunting to build robust, industry-level Cybersecurity projects. This module covers advanced techniques and real-world deployment strategies. Level 4 specialization.",4
Cybersecurity,Advanced Cloud Threat Modeling Implementation,Intermediate,48,Advanced Cloud Threat Modeling Implementation,"Master Cloud Threat Modeling to build robust, industry-level Cybersecurity projects. This module covers advanced techniques and real-world deployment strategies. Level 4 specialization.",4
Cybersecurity,Advanced Zero Trust Architecture Implementation,Intermediate,49,Advanced Zero Trust Architecture Implementation,"Master Zero Trust Architecture to build robust, industry-level Cybersecurity projects. This module covers advanced techniques and real-world deployment strategies. Level 4 specialization.",4
Cybersecurity,Advanced SOC Operations Implementation,Intermediate,50,Advanced SOC Operations Implementation,"Master SOC Operations to build robust, industry-level Cybersecurity projects. This module covers advanced techniques and real-world deployment strategies. Level 4 specialization.",4
Cybersecurity,Advanced Pentesting Methodologies Implementation,Intermediate,51,Advanced Pentesting Methodologies Implementation,"Master Pentesting Methodologies to build robust, industry-level Cybersecurity projects. This module covers advanced techniques and real-world deployment strategies. Level 5 specialization.",4
Cybersecurity,Advanced Malware Analysis Implementation,Intermediate,52,Advanced Malware Analysis Implementation,"Master Malware Analysis to build robust, industry-level Cybersecurity projects. This module covers advanced techniques and real-world deployment strategies. Level 5 specialization.",4
Cybersecurity,Advanced Forensics Basics Implementation,Intermediate,53,Advanced Forensics Basics Implementation,"Master Forensics Basics to build robust, industry-level Cybersecurity projects. This module covers advanced techniques and real-world deployment strategies. Level 5 specialization.",4
Cybersecurity,Advanced Kernel Exploitation Implementation,Intermediate,54,Advanced Kernel Exploitation Implementation,"Master Kernel Exploitation to build robust, industry-level Cybersecurity projects. This module covers advanced techniques and real-world deployment strategies. Level 5 specialization.",4
Cybersecurity,Advanced Wireless Security Implementation,Intermediate,55,Advanced Wireless Security Implementation,"Master Wireless Security to build robust, industry-level Cybersecurity projects. This module covers advanced techniques and real-world deployment strategies. Level 5 specialization.",4
Cybersecurity,Advanced Active Directory Hacking Implementation,Intermediate,56,Advanced Active Directory Hacking Implementation,"Master Active Directory Hacking to build robust, industry-level Cybersecurity projects. This module covers advanced techniques and real-world deployment strategies. Level 5 specialization.",4
Cybersecurity,Advanced Bug Bounty Hunting Implementation,Intermediate,57,Advanced Bug Bounty Hunting Implementation,"Master Bug Bounty Hunting to build robust, industry-level Cybersecurity projects. This module covers advanced techniques and real-world deployment strategies. Level 5 specialization.",4
Cybersecurity,Advanced Cloud Threat Modeling Implementation,Intermediate,58,Advanced Cloud Threat Modeling Implementation,"Master Cloud Threat Modeling to build robust, industry-level Cybersecurity projects. This module covers advanced techniques and real-world deployment strategies. Level 5 specialization.",4
Cybersecurity,Advanced Zero Trust Architecture Implementation,Intermediate,59,Advanced Zero Trust Architecture Implementation,"Master Zero Trust Architecture to build robust, industry-level Cybersecurity projects. This module covers advanced techniques and real-world deployment strategies. Level 5 specialization.",4
Cybersecurity,Advanced SOC Operations Implementation,Intermediate,60,Advanced SOC Operations Implementation,"Master SOC Operations to build robust, industry-level Cybersecurity projects. This module covers advanced techniques and real-world deployment strategies. Level 5 specialization.",4
Cybersecurity,Advanced Pentesting Methodologies Implementation,Intermediate,61,Advanced Pentesting Methodologies Implementation,"Master Pentesting Methodologies to build robust, industry-level Cybersecurity projects. This module covers advanced techniques and real-world deployment strategies. Level 6 specialization.",4
Cybersecurity,Advanced Malware Analysis Implementation,Intermediate,62,Advanced Malware Analysis Implementation,"Master Malware Analysis to build robust, industry-level Cybersecurity projects. This module covers advanced techniques and real-world deployment strategies. Level 6 specialization.",4
Cybersecurity,Advanced Forensics Basics Implementation,Intermediate,63,Advanced Forensics Basics Implementation,"Master Forensics Basics to build robust, industry-level Cybersecurity projects. This module covers advanced techniques and real-world deployment strategies. Level 6 specialization.",4
Cybersecurity,Advanced Kernel Exploitation Implementation,Intermediate,64,Advanced Kernel Exploitation Implementation,"Master Kernel Exploitation to build robust, industry-level Cybersecurity projects. This module covers advanced techniques and real-world deployment strategies. Level 6 specialization.",4
Cybersecurity,Advanced Wireless Security Implementation,Intermediate,65,Advanced Wireless Security Implementation,"Master Wireless Security to build robust, industry-level Cybersecurity projects. This module covers advanced techniques and real-world deployment strategies. Level 6 specialization.",4
Cybersecurity,Advanced Active Directory Hacking Implementation,Intermediate,66,Advanced Active Directory Hacking Implementation,"Master Active Directory Hacking to build robust, industry-level Cybersecurity projects. This module covers advanced techniques and real-world deployment strategies. Level 6 specialization.",4
Cybersecurity,Advanced Bug Bounty Hunting Implementation,Intermediate,67,Advanced Bug Bounty Hunting Implementation,"Master Bug Bounty Hunting to build robust, industry-level Cybersecurity projects. This module covers advanced techniques and real-world deployment strategies. Level 6 specialization.",4
Cybersecurity,Advanced Cloud Threat Modeling Implementation,Intermediate,68,Advanced Cloud Threat Modeling Implementation,"Master Cloud Threat Modeling to build robust, industry-level Cybersecurity projects. This module covers advanced techniques and real-world deployment strategies. Level 6 specialization.",4
Cybersecurity,Advanced Zero Trust Architecture Implementation,Intermediate,69,Advanced Zero Trust Architecture Implementation,"Master Zero Trust Architecture to build robust, industry-level Cybersecurity projects. This module covers advanced techniques and real-world deployment strategies. Level 6 specialization.",4
Cybersecurity,Advanced SOC Operations Implementation,Intermediate,70,Advanced SOC Operations Implementation,"Master SOC Operations to build robust, industry-level Cybersecurity projects. This module covers advanced techniques and real-world deployment strategies. Level 6 specialization.",4
Cybersecurity,Advanced Pentesting Methodologies Implementation,Intermediate,71,Advanced Pentesting Methodologies Implementation,"Master Pentesting Methodologies to build robust, industry-level Cybersecurity projects. This module covers advanced techniques and real-world deployment strategies. Level 7 specialization.",4
Cybersecurity,Advanced Malware Analysis Implementation,Intermediate,72,Advanced Malware Analysis Implementation,"Master Malware Analysis to build robust, industry-level Cybersecurity projects. This module covers advanced techniques and real-world deployment strategies. Level 7 specialization.",4
Cybersecurity,Advanced Forensics Basics Implementation,Intermediate,73,Advanced Forensics Basics Implementation,"Master Forensics Basics to build robust, industry-level Cybersecurity projects. This module covers advanced techniques and real-world deployment strategies. Level 7 specialization.",4
Cybersecurity,Advanced Kernel Exploitation Implementation,Intermediate,74,Advanced Kernel Exploitation Implementation,"Master Kernel Exploitation to build robust, industry-level Cybersecurity projects. This module covers advanced techniques and real-world deployment strategies. Level 7 specialization.",4
Cybersecurity,Advanced Wireless Security Implementation,Intermediate,75,Advanced Wireless Security Implementation,"Master Wireless Security to build robust, industry-level Cybersecurity projects. This module covers advanced techniques and real-world deployment strategies. Level 7 specialization.",4
Cybersecurity,Advanced Active Directory Hacking Implementation,Intermediate,76,Advanced Active Directory Hacking Implementation,"Master Active Directory Hacking to build robust, industry-level Cybersecurity projects. This module covers advanced techniques and real-world deployment strategies. Level 7 specialization.",4
Cybersecurity,Advanced Bug Bounty Hunting Implementation,Intermediate,77,Advanced Bug Bounty Hunting Implementation,"Master Bug Bounty Hunting to build robust, industry-level Cybersecurity projects. This module covers advanced techniques and real-world deployment strategies. Level 7 specialization.",4
Cybersecurity,Advanced Cloud Threat Modeling Implementation,Intermediate,78,Advanced Cloud Threat Modeling Implementation,"Master Cloud Threat Modeling to build robust, industry-level Cybersecurity projects. This module covers advanced techniques and real-world deployment strategies. Level 7 specialization.",4
Cybersecurity,Advanced Zero Trust Architecture Implementation,Intermediate,79,Advanced Zero Trust Architecture Implementation,"Master Zero Trust Architecture to build robust, industry-level Cybersecurity projects. This module covers advanced techniques and real-world deployment strategies. Level 7 specialization.",4
Cybersecurity,Advanced SOC Operations Implementation,Intermediate,80,Advanced SOC Operations Implementation,"Master SOC Operations to build robust, industry-level Cybersecurity projects. This module covers advanced techniques and real-world deployment strategies. Level 7 specialization.",4
Cybersecurity,Advanced Pentesting Methodologies Implementation,Intermediate,81,Advanced Pentesting Methodologies Implementation,"Master Pentesting Methodologies to build robust, industry-level Cybersecurity projects. This module covers advanced techniques and real-world deployment strategies. Level 8 specialization.",4
Cybersecurity,Advanced Malware Analysis Implementation,Intermediate,82,Advanced Malware Analysis Implementation,"Master Malware Analysis to build robust, industry-level Cybersecurity projects. This module covers advanced techniques and real-world deployment strategies. Level 8 specialization.",4
Cybersecurity,Advanced Forensics Basics Implementation,Intermediate,83,Advanced Forensics Basics Implementation,"Master Forensics Basics to build robust, industry-level Cybersecurity projects. This module covers advanced techniques and real-world deployment strategies. Level 8 specialization.",4
Cybersecurity,Advanced Kernel Exploitation Implementation,Intermediate,84,Advanced Kernel Exploitation Implementation,"Master Kernel Exploitation to build robust, industry-level Cybersecurity projects. This module covers advanced techniques and real-world deployment strategies. Level 8 specialization.",4
Cybersecurity,Advanced Wireless Security Implementation,Intermediate,85,Advanced Wireless Security Implementation,"Master Wireless Security to build robust, industry-level Cybersecurity projects. This module covers advanced techniques and real-world deployment strategies. Level 8 specialization.",4
Cybersecurity,Advanced Active Directory Hacking Implementation,Intermediate,86,Advanced Active Directory Hacking Implementation,"Master Active Directory Hacking to build robust, industry-level Cybersecurity projects. This module covers advanced techniques and real-world deployment strategies. Level 8 specialization.",4
Cybersecurity,Advanced Bug Bounty Hunting Implementation,Intermediate,87,Advanced Bug Bounty Hunting Implementation,"Master Bug Bounty Hunting to build robust, industry-level Cybersecurity projects. This module covers advanced techniques and real-world deployment strategies. Level 8 specialization.",4
Cybersecurity,Advanced Cloud Threat Modeling Implementation,Intermediate,88,Advanced Cloud Threat Modeling Implementation,"Master Cloud Threat Modeling to build robust, industry-level Cybersecurity projects. This module covers advanced techniques and real-world deployment strategies. Level 8 specialization.",4
Cybersecurity,Advanced Zero Trust Architecture Implementation,Intermediate,89,Advanced Zero Trust Architecture Implementation,"Master Zero Trust Architecture to build robust, industry-level Cybersecurity projects. This module covers advanced techniques and real-world deployment strategies. Level 8 specialization.",4
Cybersecurity,Advanced SOC Operations Implementation,Intermediate,90,Advanced SOC Operations Implementation,"Master SOC Operations to build robust, industry-level Cybersecurity projects. This module covers advanced techniques and real-world deployment strategies. Level 8 specialization.",4
Cybersecurity,Advanced Pentesting Methodologies Implementation,Intermediate,91,Advanced Pentesting Methodologies Implementation,"Master Pentesting Methodologies to build robust, industry-level Cybersecurity projects. This module covers advanced techniques and real-world deployment strategies. Level 9 specialization.",4
Cybersecurity,Advanced Malware Analysis Implementation,Intermediate,92,Advanced Malware Analysis Implementation,"Master Malware Analysis to build robust, industry-level Cybersecurity projects. This module covers advanced techniques and real-world deployment strategies. Level 9 specialization.",4
Cybersecurity,Advanced Forensics Basics Implementation,Intermediate,93,Advanced Forensics Basics Implementation,"Master Forensics Basics to build robust, industry-level Cybersecurity projects. This module covers advanced techniques and real-world deployment strategies. Level 9 specialization.",4
Cybersecurity,Advanced Kernel Exploitation Implementation,Intermediate,94,Advanced Kernel Exploitation Implementation,"Master Kernel Exploitation to build robust, industry-level Cybersecurity projects. This module covers advanced techniques and real-world deployment strategies. Level 9 specialization.",4
Cybersecurity,Advanced Wireless Security Implementation,Intermediate,95,Advanced Wireless Security Implementation,"Master Wireless Security to build robust, industry-level Cybersecurity projects. This module covers advanced techniques and real-world deployment strategies. Level 9 specialization.",4
Cybersecurity,Advanced Active Directory Hacking Implementation,Intermediate,96,Advanced Active Directory Hacking Implementation,"Master Active Directory Hacking to build robust, industry-level Cybersecurity projects. This module covers advanced techniques and real-world deployment strategies. Level 9 specialization.",4
Cybersecurity,Advanced Bug Bounty Hunting Implementation,Intermediate,97,Advanced Bug Bounty Hunting Implementation,"Master Bug Bounty Hunting to build robust, industry-level Cybersecurity projects. This module covers advanced techniques and real-world deployment strategies. Level 9 specialization.",4
Cybersecurity,Advanced Cloud Threat Modeling Implementation,Intermediate,98,Advanced Cloud Threat Modeling Implementation,"Master Cloud Threat Modeling to build robust, industry-level Cybersecurity projects. This module covers advanced techniques and real-world deployment strategies. Level 9 specialization.",4
Cybersecurity,Advanced Zero Trust Architecture Implementation,Intermediate,99,Advanced Zero Trust Architecture Implementation,"Master Zero Trust Architecture to build robust, industry-level Cybersecurity projects. This module covers advanced techniques and real-world deployment strategies. Level 9 specialization.",4
Cybersecurity,Advanced SOC Operations Implementation,Intermediate,100,Advanced SOC Operations Implementation,"Master SOC Operations to build robust, industry-level Cybersecurity projects. This module covers advanced techniques and real-world deployment strategies. Level 9 specialization.",4
Data Science,Python for Data Science,Beginner,1,Python for Data Science,"Mastering NumPy, Pandas, and Matplotlib for data manipulation.",5
Data Science,Exploratory Data Analysis,Beginner,2,Exploratory Data Analysis,Identifying patterns and outliers in datasets using visualization.,5
Data Science,Statistical Inference,Beginner,3,Statistical Inference,"Hypothesis testing, p-values, and confidence intervals.",5
Data Science,Data Wrangling,Beginner,4,Data Wrangling,Cleaning and transforming raw data into usable formats.,5
Data Science,SQL for Data Science,Beginner,5,SQL for Data Science,Querying complex databases and aggregating large datasets.,5
Data Science,Predictive Modeling,Beginner,6,Predictive Modeling,Using regression and classification to forecast outcomes.,5
Data Science,Data Visualization,Beginner,7,Data Visualization,Creating impactful dashboards with Tableau or PowerBI.,5
Data Science,Big Data Intro,Beginner,8,Big Data Intro,Handling massive datasets with Spark and Hadoop.,5
Data Science,Feature Selection,Beginner,9,Feature Selection,Identifying the most important variables for your models.,5
Data Science,Ethics in Data,Beginner,10,Ethics in Data,"Privacy, bias, and the social impact of data-driven decisions.",5
Data Science,Natural Language Understanding,Beginner,11,Natural Language Understanding,"Master Natural Language Understanding to build robust, industry-level Data Science projects. This module covers advanced techniques and real-world deployment strategies. Level 1 specialization.",5
Data Science,Time Series Decomposition,Beginner,12,Time Series Decomposition,"Master Time Series Decomposition to build robust, industry-level Data Science projects. This module covers advanced techniques and real-world deployment strategies. Level 1 specialization.",5
Data Science,Causal Inference,Beginner,13,Causal Inference,"Master Causal Inference to build robust, industry-level Data Science projects. This module covers advanced techniques and real-world deployment strategies. Level 1 specialization.",5
Data Science,Feature Store Implementation,Beginner,14,Feature Store Implementation,"Master Feature Store Implementation to build robust, industry-level Data Science projects. This module covers advanced techniques and real-world deployment strategies. Level 1 specialization.",5
Data Science,Model Drift Monitoring,Beginner,15,Model Drift Monitoring,"Master Model Drift Monitoring to build robust, industry-level Data Science projects. This module covers advanced techniques and real-world deployment strategies. Level 1 specialization.",5
Data Science,AB Testing at Scale,Foundational,16,AB Testing at Scale,"Master AB Testing at Scale to build robust, industry-level Data Science projects. This module covers advanced techniques and real-world deployment strategies. Level 1 specialization.",5
Data Science,Geospatial Data Analysis,Foundational,17,Geospatial Data Analysis,"Master Geospatial Data Analysis to build robust, industry-level Data Science projects. This module covers advanced techniques and real-world deployment strategies. Level 1 specialization.",5
Data Science,Reinforcement Learning for Business,Foundational,18,Reinforcement Learning for Business,"Master Reinforcement Learning for Business to build robust, industry-level Data Science projects. This module covers advanced techniques and real-world deployment strategies. Level 1 specialization.",5
Data Science,High-dimensional Data Visualization,Foundational,19,High-dimensional Data Visualization,"Master High-dimensional Data Visualization to build robust, industry-level Data Science projects. This module covers advanced techniques and real-world deployment strategies. Level 1 specialization.",5
Data Science,Pipeline Orchestration (Airflow),Foundational,20,Pipeline Orchestration (Airflow),"Master Pipeline Orchestration (Airflow) to build robust, industry-level Data Science projects. This module covers advanced techniques and real-world deployment strategies. Level 1 specialization.",5
Data Science,Deep Dive: Natural Language Understanding,Foundational,21,Deep Dive: Natural Language Understanding,"Master Natural Language Understanding to build robust, industry-level Data Science projects. This module covers advanced techniques and real-world deployment strategies. Level 2 specialization.",5
Data Science,Deep Dive: Time Series Decomposition,Foundational,22,Deep Dive: Time Series Decomposition,"Master Time Series Decomposition to build robust, industry-level Data Science projects. This module covers advanced techniques and real-world deployment strategies. Level 2 specialization.",5
Data Science,Deep Dive: Causal Inference,Foundational,23,Deep Dive: Causal Inference,"Master Causal Inference to build robust, industry-level Data Science projects. This module covers advanced techniques and real-world deployment strategies. Level 2 specialization.",5
Data Science,Deep Dive: Feature Store Implementation,Foundational,24,Deep Dive: Feature Store Implementation,"Master Feature Store Implementation to build robust, industry-level Data Science projects. This module covers advanced techniques and real-world deployment strategies. Level 2 specialization.",5
Data Science,Deep Dive: Model Drift Monitoring,Foundational,25,Deep Dive: Model Drift Monitoring,"Master Model Drift Monitoring to build robust, industry-level Data Science projects. This module covers advanced techniques and real-world deployment strategies. Level 2 specialization.",5
Data Science,Deep Dive: AB Testing at Scale,Foundational,26,Deep Dive: AB Testing at Scale,"Master AB Testing at Scale to build robust, industry-level Data Science projects. This module covers advanced techniques and real-world deployment strategies. Level 2 specialization.",5
Data Science,Deep Dive: Geospatial Data Analysis,Foundational,27,Deep Dive: Geospatial Data Analysis,"Master Geospatial Data Analysis to build robust, industry-level Data Science projects. This module covers advanced techniques and real-world deployment strategies. Level 2 specialization.",5
Data Science,Deep Dive: Reinforcement Learning for Business,Foundational,28,Deep Dive: Reinforcement Learning for Business,"Master Reinforcement Learning for Business to build robust, industry-level Data Science projects. This module covers advanced techniques and real-world deployment strategies. Level 2 specialization.",5
Data Science,Deep Dive: High-dimensional Data Visualization,Foundational,29,Deep Dive: High-dimensional Data Visualization,"Master High-dimensional Data Visualization to build robust, industry-level Data Science projects. This module covers advanced techniques and real-world deployment strategies. Level 2 specialization.",5
Data Science,Deep Dive: Pipeline Orchestration (Airflow),Foundational,30,Deep Dive: Pipeline Orchestration (Airflow),"Master Pipeline Orchestration (Airflow) to build robust, industry-level Data Science projects. This module covers advanced techniques and real-world deployment strategies. Level 2 specialization.",5
Data Science,Expert Natural Language Understanding Patterns,Foundational,31,Expert Natural Language Understanding Patterns,"Master Natural Language Understanding to build robust, industry-level Data Science projects. This module covers advanced techniques and real-world deployment strategies. Level 3 specialization.",5
Data Science,Expert Time Series Decomposition Patterns,Foundational,32,Expert Time Series Decomposition Patterns,"Master Time Series Decomposition to build robust, industry-level Data Science projects. This module covers advanced techniques and real-world deployment strategies. Level 3 specialization.",5
Data Science,Expert Causal Inference Patterns,Foundational,33,Expert Causal Inference Patterns,"Master Causal Inference to build robust, industry-level Data Science projects. This module covers advanced techniques and real-world deployment strategies. Level 3 specialization.",5
Data Science,Expert Feature Store Implementation Patterns,Foundational,34,Expert Feature Store Implementation Patterns,"Master Feature Store Implementation to build robust, industry-level Data Science projects. This module covers advanced techniques and real-world deployment strategies. Level 3 specialization.",5
Data Science,Expert Model Drift Monitoring Patterns,Foundational,35,Expert Model Drift Monitoring Patterns,"Master Model Drift Monitoring to build robust, industry-level Data Science projects. This module covers advanced techniques and real-world deployment strategies. Level 3 specialization.",5
Data Science,Expert AB Testing at Scale Patterns,Intermediate,36,Expert AB Testing at Scale Patterns,"Master AB Testing at Scale to build robust, industry-level Data Science projects. This module covers advanced techniques and real-world deployment strategies. Level 3 specialization.",5
Data Science,Expert Geospatial Data Analysis Patterns,Intermediate,37,Expert Geospatial Data Analysis Patterns,"Master Geospatial Data Analysis to build robust, industry-level Data Science projects. This module covers advanced techniques and real-world deployment strategies. Level 3 specialization.",5
Data Science,Expert Reinforcement Learning for Business Patterns,Intermediate,38,Expert Reinforcement Learning for Business Patterns,"Master Reinforcement Learning for Business to build robust, industry-level Data Science projects. This module covers advanced techniques and real-world deployment strategies. Level 3 specialization.",5
Data Science,Expert High-dimensional Data Visualization Patterns,Intermediate,39,Expert High-dimensional Data Visualization Patterns,"Master High-dimensional Data Visualization to build robust, industry-level Data Science projects. This module covers advanced techniques and real-world deployment strategies. Level 3 specialization.",5
Data Science,Expert Pipeline Orchestration (Airflow) Patterns,Intermediate,40,Expert Pipeline Orchestration (Airflow) Patterns,"Master Pipeline Orchestration (Airflow) to build robust, industry-level Data Science projects. This module covers advanced techniques and real-world deployment strategies. Level 3 specialization.",5
Data Science,Advanced Natural Language Understanding Implementation,Intermediate,41,Advanced Natural Language Understanding Implementation,"Master Natural Language Understanding to build robust, industry-level Data Science projects. This module covers advanced techniques and real-world deployment strategies. Level 4 specialization.",5
Data Science,Advanced Time Series Decomposition Implementation,Intermediate,42,Advanced Time Series Decomposition Implementation,"Master Time Series Decomposition to build robust, industry-level Data Science projects. This module covers advanced techniques and real-world deployment strategies. Level 4 specialization.",5
Data Science,Advanced Causal Inference Implementation,Intermediate,43,Advanced Causal Inference Implementation,"Master Causal Inference to build robust, industry-level Data Science projects. This module covers advanced techniques and real-world deployment strategies. Level 4 specialization.",5
Data Science,Advanced Feature Store Implementation Implementation,Intermediate,44,Advanced Feature Store Implementation Implementation,"Master Feature Store Implementation to build robust, industry-level Data Science projects. This module covers advanced techniques and real-world deployment strategies. Level 4 specialization.",5
Data Science,Advanced Model Drift Monitoring Implementation,Intermediate,45,Advanced Model Drift Monitoring Implementation,"Master Model Drift Monitoring to build robust, industry-level Data Science projects. This module covers advanced techniques and real-world deployment strategies. Level 4 specialization.",5
Data Science,Advanced AB Testing at Scale Implementation,Intermediate,46,Advanced AB Testing at Scale Implementation,"Master AB Testing at Scale to build robust, industry-level Data Science projects. This module covers advanced techniques and real-world deployment strategies. Level 4 specialization.",5
Data Science,Advanced Geospatial Data Analysis Implementation,Intermediate,47,Advanced Geospatial Data Analysis Implementation,"Master Geospatial Data Analysis to build robust, industry-level Data Science projects. This module covers advanced techniques and real-world deployment strategies. Level 4 specialization.",5
Data Science,Advanced Reinforcement Learning for Business Implementation,Intermediate,48,Advanced Reinforcement Learning for Business Implementation,"Master Reinforcement Learning for Business to build robust, industry-level Data Science projects. This module covers advanced techniques and real-world deployment strategies. Level 4 specialization.",5
Data Science,Advanced High-dimensional Data Visualization Implementation,Intermediate,49,Advanced High-dimensional Data Visualization Implementation,"Master High-dimensional Data Visualization to build robust, industry-level Data Science projects. This module covers advanced techniques and real-world deployment strategies. Level 4 specialization.",5
Data Science,Advanced Pipeline Orchestration (Airflow) Implementation,Intermediate,50,Advanced Pipeline Orchestration (Airflow) Implementation,"Master Pipeline Orchestration (Airflow) to build robust, industry-level Data Science projects. This module covers advanced techniques and real-world deployment strategies. Level 4 specialization.",5
Data Science,Advanced Natural Language Understanding Implementation,Intermediate,51,Advanced Natural Language Understanding Implementation,"Master Natural Language Understanding to build robust, industry-level Data Science projects. This module covers advanced techniques and real-world deployment strategies. Level 5 specialization.",5
Data Science,Advanced Time Series Decomposition Implementation,Intermediate,52,Advanced Time Series Decomposition Implementation,"Master Time Series Decomposition to build robust, industry-level Data Science projects. This module covers advanced techniques and real-world deployment strategies. Level 5 specialization.",5
Data Science,Advanced Causal Inference Implementation,Intermediate,53,Advanced Causal Inference Implementation,"Master Causal Inference to build robust, industry-level Data Science projects. This module covers advanced techniques and real-world deployment strategies. Level 5 specialization.",5
Data Science,Advanced Feature Store Implementation Implementation,Intermediate,54,Advanced Feature Store Implementation Implementation,"Master Feature Store Implementation to build robust, industry-level Data Science projects. This module covers advanced techniques and real-world deployment strategies. Level 5 specialization.",5
Data Science,Advanced Model Drift Monitoring Implementation,Intermediate,55,Advanced Model Drift Monitoring Implementation,"Master Model Drift Monitoring to build robust, industry-level Data Science projects. This module covers advanced techniques and real-world deployment strategies. Level 5 specialization.",5
Data Science,Advanced AB Testing at Scale Implementation,Intermediate,56,Advanced AB Testing at Scale Implementation,"Master AB Testing at Scale to build robust, industry-level Data Science projects. This module covers advanced techniques and real-world deployment strategies. Level 5 specialization.",5
Data Science,Advanced Geospatial Data Analysis Implementation,Intermediate,57,Advanced Geospatial Data Analysis Implementation,"Master Geospatial Data Analysis to build robust, industry-level Data Science projects. This module covers advanced techniques and real-world deployment strategies. Level 5 specialization.",5
Data Science,Advanced Reinforcement Learning for Business Implementation,Intermediate,58,Advanced Reinforcement Learning for Business Implementation,"Master Reinforcement Learning for Business to build robust, industry-level Data Science projects. This module covers advanced techniques and real-world deployment strategies. Level 5 specialization.",5
Data Science,Advanced High-dimensional Data Visualization Implementation,Intermediate,59,Advanced High-dimensional Data Visualization Implementation,"Master High-dimensional Data Visualization to build robust, industry-level Data Science projects. This module covers advanced techniques and real-world deployment strategies. Level 5 specialization.",5
Data Science,Advanced Pipeline Orchestration (Airflow) Implementation,Intermediate,60,Advanced Pipeline Orchestration (Airflow) Implementation,"Master Pipeline Orchestration (Airflow) to build robust, industry-level Data Science projects. This module covers advanced techniques and real-world deployment strategies. Level 5 specialization.",5
Data Science,Advanced Natural Language Understanding Implementation,Intermediate,61,Advanced Natural Language Understanding Implementation,"Master Natural Language Understanding to build robust, industry-level Data Science projects. This module covers advanced techniques and real-world deployment strategies. Level 6 specialization.",5
Data Science,Advanced Time Series Decomposition Implementation,Intermediate,62,Advanced Time Series Decomposition Implementation,"Master Time Series Decomposition to build robust, industry-level Data Science projects. This module covers advanced techniques and real-world deployment strategies. Level 6 specialization.",5
Data Science,Advanced Causal Inference Implementation,Intermediate,63,Advanced Causal Inference Implementation,"Master Causal Inference to build robust, industry-level Data Science projects. This module covers advanced techniques and real-world deployment strategies. Level 6 specialization.",5
Data Science,Advanced Feature Store Implementation Implementation,Intermediate,64,Advanced Feature Store Implementation Implementation,"Master Feature Store Implementation to build robust, industry-level Data Science projects. This module covers advanced techniques and real-world deployment strategies. Level 6 specialization.",5
Data Science,Advanced Model Drift Monitoring Implementation,Intermediate,65,Advanced Model Drift Monitoring Implementation,"Master Model Drift Monitoring to build robust, industry-level Data Science projects. This module covers advanced techniques and real-world deployment strategies. Level 6 specialization.",5
Data Science,Advanced AB Testing at Scale Implementation,Intermediate,66,Advanced AB Testing at Scale Implementation,"Master AB Testing at Scale to build robust, industry-level Data Science projects. This module covers advanced techniques and real-world deployment strategies. Level 6 specialization.",5
Data Science,Advanced Geospatial Data Analysis Implementation,Intermediate,67,Advanced Geospatial Data Analysis Implementation,"Master Geospatial Data Analysis to build robust, industry-level Data Science projects. This module covers advanced techniques and real-world deployment strategies. Level 6 specialization.",5
Data Science,Advanced Reinforcement Learning for Business Implementation,Intermediate,68,Advanced Reinforcement Learning for Business Implementation,"Master Reinforcement Learning for Business to build robust, industry-level Data Science projects. This module covers advanced techniques and real-world deployment strategies. Level 6 specialization.",5
Data Science,Advanced High-dimensional Data Visualization Implementation,Intermediate,69,Advanced High-dimensional Data Visualization Implementation,"Master High-dimensional Data Visualization to build robust, industry-level Data Science projects. This module covers advanced techniques and real-world deployment strategies. Level 6 specialization.",5
Data Science,Advanced Pipeline Orchestration (Airflow) Implementation,Intermediate,70,Advanced Pipeline Orchestration (Airflow) Implementation,"Master Pipeline Orchestration (Airflow) to build robust, industry-level Data Science projects. This module covers advanced techniques and real-world deployment strategies. Level 6 specialization.",5
Data Science,Advanced Natural Language Understanding Implementation,Intermediate,71,Advanced Natural Language Understanding Implementation,"Master Natural Language Understanding to build robust, industry-level Data Science projects. This module covers advanced techniques and real-world deployment strategies. Level 7 specialization.",5
Data Science,Advanced Time Series Decomposition Implementation,Intermediate,72,Advanced Time Series Decomposition Implementation,"Master Time Series Decomposition to build robust, industry-level Data Science projects. This module covers advanced techniques and real-world deployment strategies. Level 7 specialization.",5
Data Science,Advanced Causal Inference Implementation,Intermediate,73,Advanced Causal Inference Implementation,"Master Causal Inference to build robust, industry-level Data Science projects. This module covers advanced techniques and real-world deployment strategies. Level 7 specialization.",5
Data Science,Advanced Feature Store Implementation Implementation,Intermediate,74,Advanced Feature Store Implementation Implementation,"Master Feature Store Implementation to build robust, industry-level Data Science projects. This module covers advanced techniques and real-world deployment strategies. Level 7 specialization.",5
Data Science,Advanced Model Drift Monitoring Implementation,Intermediate,75,Advanced Model Drift Monitoring Implementation,"Master Model Drift Monitoring to build robust, industry-level Data Science projects. This module covers advanced techniques and real-world deployment strategies. Level 7 specialization.",5
Data Science,Advanced AB Testing at Scale Implementation,Intermediate,76,Advanced AB Testing at Scale Implementation,"Master AB Testing at Scale to build robust, industry-level Data Science projects. This module covers advanced techniques and real-world deployment strategies. Level 7 specialization.",5
Data Science,Advanced Geospatial Data Analysis Implementation,Intermediate,77,Advanced Geospatial Data Analysis Implementation,"Master Geospatial Data Analysis to build robust, industry-level Data Science projects. This module covers advanced techniques and real-world deployment strategies. Level 7 specialization.",5
Data Science,Advanced Reinforcement Learning for Business Implementation,Intermediate,78,Advanced Reinforcement Learning for Business Implementation,"Master Reinforcement Learning for Business to build robust, industry-level Data Science projects. This module covers advanced techniques and real-world deployment strategies. Level 7 specialization.",5
Data Science,Advanced High-dimensional Data Visualization Implementation,Intermediate,79,Advanced High-dimensional Data Visualization Implementation,"Master High-dimensional Data Visualization to build robust, industry-level Data Science projects. This module covers advanced techniques and real-world deployment strategies. Level 7 specialization.",5
Data Science,Advanced Pipeline Orchestration (Airflow) Implementation,Intermediate,80,Advanced Pipeline Orchestration (Airflow) Implementation,"Master Pipeline Orchestration (Airflow) to build robust, industry-level Data Science projects. This module covers advanced techniques and real-world deployment strategies. Level 7 specialization.",5
Data Science,Advanced Natural Language Understanding Implementation,Intermediate,81,Advanced Natural Language Understanding Implementation,"Master Natural Language Understanding to build robust, industry-level Data Science projects. This module covers advanced techniques and real-world deployment strategies. Level 8 specialization.",5
Data Science,Advanced Time Series Decomposition Implementation,Intermediate,82,Advanced Time Series Decomposition Implementation,"Master Time Series Decomposition to build robust, industry-level Data Science projects. This module covers advanced techniques and real-world deployment strategies. Level 8 specialization.",5
Data Science,Advanced Causal Inference Implementation,Intermediate,83,Advanced Causal Inference Implementation,"Master Causal Inference to build robust, industry-level Data Science projects. This module covers advanced techniques and real-world deployment strategies. Level 8 specialization.",5
Data Science,Advanced Feature Store Implementation Implementation,Intermediate,84,Advanced Feature Store Implementation Implementation,"Master Feature Store Implementation to build robust, industry-level Data Science projects. This module covers advanced techniques and real-world deployment strategies. Level 8 specialization.",5
Data Science,Advanced Model Drift Monitoring Implementation,Intermediate,85,Advanced Model Drift Monitoring Implementation,"Master Model Drift Monitoring to build robust, industry-level Data Science projects. This module covers advanced techniques and real-world deployment strategies. Level 8 specialization.",5
Data Science,Advanced AB Testing at Scale Implementation,Intermediate,86,Advanced AB Testing at Scale Implementation,"Master AB Testing at Scale to build robust, industry-level Data Science projects. This module covers advanced techniques and real-world deployment strategies. Level 8 specialization.",5
Data Science,Advanced Geospatial Data Analysis Implementation,Intermediate,87,Advanced Geospatial Data Analysis Implementation,"Master Geospatial Data Analysis to build robust, industry-level Data Science projects. This module covers advanced techniques and real-world deployment strategies. Level 8 specialization.",5
Data Science,Advanced Reinforcement Learning for Business Implementation,Intermediate,88,Advanced Reinforcement Learning for Business Implementation,"Master Reinforcement Learning for Business to build robust, industry-level Data Science projects. This module covers advanced techniques and real-world deployment strategies. Level 8 specialization.",5
Data Science,Advanced High-dimensional Data Visualization Implementation,Intermediate,89,Advanced High-dimensional Data Visualization Implementation,"Master High-dimensional Data Visualization to build robust, industry-level Data Science projects. This module covers advanced techniques and real-world deployment strategies. Level 8 specialization.",5
Data Science,Advanced Pipeline Orchestration (Airflow) Implementation,Intermediate,90,Advanced Pipeline Orchestration (Airflow) Implementation,"Master Pipeline Orchestration (Airflow) to build robust, industry-level Data Science projects. This module covers advanced techniques and real-world deployment strategies. Level 8 specialization.",5
Data Science,Advanced Natural Language Understanding Implementation,Intermediate,91,Advanced Natural Language Understanding Implementation,"Master Natural Language Understanding to build robust, industry-level Data Science projects. This module covers advanced techniques and real-world deployment strategies. Level 9 specialization.",5
Data Science,Advanced Time Series Decomposition Implementation,Intermediate,92,Advanced Time Series Decomposition Implementation,"Master Time Series Decomposition to build robust, industry-level Data Science projects. This module covers advanced techniques and real-world deployment strategies. Level 9 specialization.",5
Data Science,Advanced Causal Inference Implementation,Intermediate,93,Advanced Causal Inference Implementation,"Master Causal Inference to build robust, industry-level Data Science projects. This module covers advanced techniques and real-world deployment strategies. Level 9 specialization.",5
Data Science,Advanced Feature Store Implementation Implementation,Intermediate,94,Advanced Feature Store Implementation Implementation,"Master Feature Store Implementation to build robust, industry-level Data Science projects. This module covers advanced techniques and real-world deployment strategies. Level 9 specialization.",5
Data Science,Advanced Model Drift Monitoring Implementation,Intermediate,95,Advanced Model Drift Monitoring Implementation,"Master Model Drift Monitoring to build robust, industry-level Data Science projects. This module covers advanced techniques and real-world deployment strategies. Level 9 specialization.",5
Data Science,Advanced AB Testing at Scale Implementation,Intermediate,96,Advanced AB Testing at Scale Implementation,"Master AB Testing at Scale to build robust, industry-level Data Science projects. This module covers advanced techniques and real-world deployment strategies. Level 9 specialization.",5
Data Science,Advanced Geospatial Data Analysis Implementation,Intermediate,97,Advanced Geospatial Data Analysis Implementation,"Master Geospatial Data Analysis to build robust, industry-level Data Science projects. This module covers advanced techniques and real-world deployment strategies. Level 9 specialization.",5
Data Science,Advanced Reinforcement Learning for Business Implementation,Intermediate,98,Advanced Reinforcement Learning for Business Implementation,"Master Reinforcement Learning for Business to build robust, industry-level Data Science projects. This module covers advanced techniques and real-world deployment strategies. Level 9 specialization.",5
Data Science,Advanced High-dimensional Data Visualization Implementation,Intermediate,99,Advanced High-dimensional Data Visualization Implementation,"Master High-dimensional Data Visualization to build robust, industry-level Data Science projects. This module covers advanced techniques and real-world deployment strategies. Level 9 specialization.",5
Data Science,Advanced Pipeline Orchestration (Airflow) Implementation,Intermediate,100,Advanced Pipeline Orchestration (Airflow) Implementation,"Master Pipeline Orchestration (Airflow) to build robust, industry-level Data Science projects. This module covers advanced techniques and real-world deployment strategies. Level 9 specialization.",5
DevOps,Intro to DevOps,Beginner,1,Intro to DevOps,Understanding the culture of collaboration between Dev and Ops.,6
DevOps,Version Control (Git),Beginner,2,Version Control (Git),Mastering branching strategies and collaborative workflows.,6
DevOps,CI/CD Pipelines,Beginner,3,CI/CD Pipelines,"Automating build, test, and deployment processes.",6
DevOps,Infrastructure as Code,Beginner,4,Infrastructure as Code,Managing cloud resources using Terraform and CloudFormation.,6
DevOps,Configuration Management,Beginner,5,Configuration Management,Using Ansible and Chef to automate server setup.,6
DevOps,Monitoring & Logging,Beginner,6,Monitoring & Logging,Tracking system health with Prometheus and ELK stack.,6
DevOps,Container Security,Beginner,7,Container Security,Hardening Docker images and Kubernetes clusters.,6
DevOps,Cloud Native Patterns,Beginner,8,Cloud Native Patterns,Designing systems for high availability and scalability.,6
DevOps,SRE Principles,Beginner,9,SRE Principles,"Error budgets, SLIs, and SLOs for reliable systems.",6
DevOps,Disaster Recovery,Beginner,10,Disaster Recovery,Planning for and recovering from system failures.,6
DevOps,GitOps Workflow,Beginner,11,GitOps Workflow,"Master GitOps Workflow to build robust, industry-level DevOps projects. This module covers advanced techniques and real-world deployment strategies. Level 1 specialization.",6
DevOps,Service Level Objectives,Beginner,12,Service Level Objectives,"Master Service Level Objectives to build robust, industry-level DevOps projects. This module covers advanced techniques and real-world deployment strategies. Level 1 specialization.",6
DevOps,Chaos Engineering,Beginner,13,Chaos Engineering,"Master Chaos Engineering to build robust, industry-level DevOps projects. This module covers advanced techniques and real-world deployment strategies. Level 1 specialization.",6
DevOps,Secret Management (Vault),Beginner,14,Secret Management (Vault),"Master Secret Management (Vault) to build robust, industry-level DevOps projects. This module covers advanced techniques and real-world deployment strategies. Level 1 specialization.",6
DevOps,Network Overlay Plugins,Beginner,15,Network Overlay Plugins,"Master Network Overlay Plugins to build robust, industry-level DevOps projects. This module covers advanced techniques and real-world deployment strategies. Level 1 specialization.",6
DevOps,Automated Canary Deployments,Foundational,16,Automated Canary Deployments,"Master Automated Canary Deployments to build robust, industry-level DevOps projects. This module covers advanced techniques and real-world deployment strategies. Level 1 specialization.",6
DevOps,Policy as Code (OPA),Foundational,17,Policy as Code (OPA),"Master Policy as Code (OPA) to build robust, industry-level DevOps projects. This module covers advanced techniques and real-world deployment strategies. Level 1 specialization.",6
DevOps,Blue-Green Strategies,Foundational,18,Blue-Green Strategies,"Master Blue-Green Strategies to build robust, industry-level DevOps projects. This module covers advanced techniques and real-world deployment strategies. Level 1 specialization.",6
DevOps,Observability Frameworks,Foundational,19,Observability Frameworks,"Master Observability Frameworks to build robust, industry-level DevOps projects. This module covers advanced techniques and real-world deployment strategies. Level 1 specialization.",6
DevOps,Infrastructure Drift Detection,Foundational,20,Infrastructure Drift Detection,"Master Infrastructure Drift Detection to build robust, industry-level DevOps projects. This module covers advanced techniques and real-world deployment strategies. Level 1 specialization.",6
DevOps,Deep Dive: GitOps Workflow,Foundational,21,Deep Dive: GitOps Workflow,"Master GitOps Workflow to build robust, industry-level DevOps projects. This module covers advanced techniques and real-world deployment strategies. Level 2 specialization.",6
DevOps,Deep Dive: Service Level Objectives,Foundational,22,Deep Dive: Service Level Objectives,"Master Service Level Objectives to build robust, industry-level DevOps projects. This module covers advanced techniques and real-world deployment strategies. Level 2 specialization.",6
DevOps,Deep Dive: Chaos Engineering,Foundational,23,Deep Dive: Chaos Engineering,"Master Chaos Engineering to build robust, industry-level DevOps projects. This module covers advanced techniques and real-world deployment strategies. Level 2 specialization.",6
DevOps,Deep Dive: Secret Management (Vault),Foundational,24,Deep Dive: Secret Management (Vault),"Master Secret Management (Vault) to build robust, industry-level DevOps projects. This module covers advanced techniques and real-world deployment strategies. Level 2 specialization.",6
DevOps,Deep Dive: Network Overlay Plugins,Foundational,25,Deep Dive: Network Overlay Plugins,"Master Network Overlay Plugins to build robust, industry-level DevOps projects. This module covers advanced techniques and real-world deployment strategies. Level 2 specialization.",6
DevOps,Deep Dive: Automated Canary Deployments,Foundational,26,Deep Dive: Automated Canary Deployments,"Master Automated Canary Deployments to build robust, industry-level DevOps projects. This module covers advanced techniques and real-world deployment strategies. Level 2 specialization.",6
DevOps,Deep Dive: Policy as Code (OPA),Foundational,27,Deep Dive: Policy as Code (OPA),"Master Policy as Code (OPA) to build robust, industry-level DevOps projects. This module covers advanced techniques and real-world deployment strategies. Level 2 specialization.",6
DevOps,Deep Dive: Blue-Green Strategies,Foundational,28,Deep Dive: Blue-Green Strategies,"Master Blue-Green Strategies to build robust, industry-level DevOps projects. This module covers advanced techniques and real-world deployment strategies. Level 2 specialization.",6
DevOps,Deep Dive: Observability Frameworks,Foundational,29,Deep Dive: Observability Frameworks,"Master Observability Frameworks to build robust, industry-level DevOps projects. This module covers advanced techniques and real-world deployment strategies. Level 2 specialization.",6
DevOps,Deep Dive: Infrastructure Drift Detection,Foundational,30,Deep Dive: Infrastructure Drift Detection,"Master Infrastructure Drift Detection to build robust, industry-level DevOps projects. This module covers advanced techniques and real-world deployment strategies. Level 2 specialization.",6
DevOps,Expert GitOps Workflow Patterns,Foundational,31,Expert GitOps Workflow Patterns,"Master GitOps Workflow to build robust, industry-level DevOps projects. This module covers advanced techniques and real-world deployment strategies. Level 3 specialization.",6
DevOps,Expert Service Level Objectives Patterns,Foundational,32,Expert Service Level Objectives Patterns,"Master Service Level Objectives to build robust, industry-level DevOps projects. This module covers advanced techniques and real-world deployment strategies. Level 3 specialization.",6
DevOps,Expert Chaos Engineering Patterns,Foundational,33,Expert Chaos Engineering Patterns,"Master Chaos Engineering to build robust, industry-level DevOps projects. This module covers advanced techniques and real-world deployment strategies. Level 3 specialization.",6
DevOps,Expert Secret Management (Vault) Patterns,Foundational,34,Expert Secret Management (Vault) Patterns,"Master Secret Management (Vault) to build robust, industry-level DevOps projects. This module covers advanced techniques and real-world deployment strategies. Level 3 specialization.",6
DevOps,Expert Network Overlay Plugins Patterns,Foundational,35,Expert Network Overlay Plugins Patterns,"Master Network Overlay Plugins to build robust, industry-level DevOps projects. This module covers advanced techniques and real-world deployment strategies. Level 3 specialization.",6
DevOps,Expert Automated Canary Deployments Patterns,Intermediate,36,Expert Automated Canary Deployments Patterns,"Master Automated Canary Deployments to build robust, industry-level DevOps projects. This module covers advanced techniques and real-world deployment strategies. Level 3 specialization.",6
DevOps,Expert Policy as Code (OPA) Patterns,Intermediate,37,Expert Policy as Code (OPA) Patterns,"Master Policy as Code (OPA) to build robust, industry-level DevOps projects. This module covers advanced techniques and real-world deployment strategies. Level 3 specialization.",6
DevOps,Expert Blue-Green Strategies Patterns,Intermediate,38,Expert Blue-Green Strategies Patterns,"Master Blue-Green Strategies to build robust, industry-level DevOps projects. This module covers advanced techniques and real-world deployment strategies. Level 3 specialization.",6
DevOps,Expert Observability Frameworks Patterns,Intermediate,39,Expert Observability Frameworks Patterns,"Master Observability Frameworks to build robust, industry-level DevOps projects. This module covers advanced techniques and real-world deployment strategies. Level 3 specialization.",6
DevOps,Expert Infrastructure Drift Detection Patterns,Intermediate,40,Expert Infrastructure Drift Detection Patterns,"Master Infrastructure Drift Detection to build robust, industry-level DevOps projects. This module covers advanced techniques and real-world deployment strategies. Level 3 specialization.",6
DevOps,Advanced GitOps Workflow Implementation,Intermediate,41,Advanced GitOps Workflow Implementation,"Master GitOps Workflow to build robust, industry-level DevOps projects. This module covers advanced techniques and real-world deployment strategies. Level 4 specialization.",6
DevOps,Advanced Service Level Objectives Implementation,Intermediate,42,Advanced Service Level Objectives Implementation,"Master Service Level Objectives to build robust, industry-level DevOps projects. This module covers advanced techniques and real-world deployment strategies. Level 4 specialization.",6
DevOps,Advanced Chaos Engineering Implementation,Intermediate,43,Advanced Chaos Engineering Implementation,"Master Chaos Engineering to build robust, industry-level DevOps projects. This module covers advanced techniques and real-world deployment strategies. Level 4 specialization.",6
DevOps,Advanced Secret Management (Vault) Implementation,Intermediate,44,Advanced Secret Management (Vault) Implementation,"Master Secret Management (Vault) to build robust, industry-level DevOps projects. This module covers advanced techniques and real-world deployment strategies. Level 4 specialization.",6
DevOps,Advanced Network Overlay Plugins Implementation,Intermediate,45,Advanced Network Overlay Plugins Implementation,"Master Network Overlay Plugins to build robust, industry-level DevOps projects. This module covers advanced techniques and real-world deployment strategies. Level 4 specialization.",6
DevOps,Advanced Automated Canary Deployments Implementation,Intermediate,46,Advanced Automated Canary Deployments Implementation,"Master Automated Canary Deployments to build robust, industry-level DevOps projects. This module covers advanced techniques and real-world deployment strategies. Level 4 specialization.",6
DevOps,Advanced Policy as Code (OPA) Implementation,Intermediate,47,Advanced Policy as Code (OPA) Implementation,"Master Policy as Code (OPA) to build robust, industry-level DevOps projects. This module covers advanced techniques and real-world deployment strategies. Level 4 specialization.",6
DevOps,Advanced Blue-Green Strategies Implementation,Intermediate,48,Advanced Blue-Green Strategies Implementation,"Master Blue-Green Strategies to build robust, industry-level DevOps projects. This module covers advanced techniques and real-world deployment strategies. Level 4 specialization.",6
DevOps,Advanced Observability Frameworks Implementation,Intermediate,49,Advanced Observability Frameworks Implementation,"Master Observability Frameworks to build robust, industry-level DevOps projects. This module covers advanced techniques and real-world deployment strategies. Level 4 specialization.",6
DevOps,Advanced Infrastructure Drift Detection Implementation,Intermediate,50,Advanced Infrastructure Drift Detection Implementation,"Master Infrastructure Drift Detection to build robust, industry-level DevOps projects. This module covers advanced techniques and real-world deployment strategies. Level 4 specialization.",6
DevOps,Advanced GitOps Workflow Implementation,Intermediate,51,Advanced GitOps Workflow Implementation,"Master GitOps Workflow to build robust, industry-level DevOps projects. This module covers advanced techniques and real-world deployment strategies. Level 5 specialization.",6
DevOps,Advanced Service Level Objectives Implementation,Intermediate,52,Advanced Service Level Objectives Implementation,"Master Service Level Objectives to build robust, industry-level DevOps projects. This module covers advanced techniques and real-world deployment strategies. Level 5 specialization.",6
DevOps,Advanced Chaos Engineering Implementation,Intermediate,53,Advanced Chaos Engineering Implementation,"Master Chaos Engineering to build robust, industry-level DevOps projects. This module covers advanced techniques and real-world deployment strategies. Level 5 specialization.",6
DevOps,Advanced Secret Management (Vault) Implementation,Intermediate,54,Advanced Secret Management (Vault) Implementation,"Master Secret Management (Vault) to build robust, industry-level DevOps projects. This module covers advanced techniques and real-world deployment strategies. Level 5 specialization.",6
DevOps,Advanced Network Overlay Plugins Implementation,Intermediate,55,Advanced Network Overlay Plugins Implementation,"Master Network Overlay Plugins to build robust, industry-level DevOps projects. This module covers advanced techniques and real-world deployment strategies. Level 5 specialization.",6
DevOps,Advanced Automated Canary Deployments Implementation,Intermediate,56,Advanced Automated Canary Deployments Implementation,"Master Automated Canary Deployments to build robust, industry-level DevOps projects. This module covers advanced techniques and real-world deployment strategies. Level 5 specialization.",6
DevOps,Advanced Policy as Code (OPA) Implementation,Intermediate,57,Advanced Policy as Code (OPA) Implementation,"Master Policy as Code (OPA) to build robust, industry-level DevOps projects. This module covers advanced techniques and real-world deployment strategies. Level 5 specialization.",6
DevOps,Advanced Blue-Green Strategies Implementation,Intermediate,58,Advanced Blue-Green Strategies Implementation,"Master Blue-Green Strategies to build robust, industry-level DevOps projects. This module covers advanced techniques and real-world deployment strategies. Level 5 specialization.",6
DevOps,Advanced Observability Frameworks Implementation,Intermediate,59,Advanced Observability Frameworks Implementation,"Master Observability Frameworks to build robust, industry-level DevOps projects. This module covers advanced techniques and real-world deployment strategies. Level 5 specialization.",6
DevOps,Advanced Infrastructure Drift Detection Implementation,Intermediate,60,Advanced Infrastructure Drift Detection Implementation,"Master Infrastructure Drift Detection to build robust, industry-level DevOps projects. This module covers advanced techniques and real-world deployment strategies. Level 5 specialization.",6
DevOps,Advanced GitOps Workflow Implementation,Intermediate,61,Advanced GitOps Workflow Implementation,"Master GitOps Workflow to build robust, industry-level DevOps projects. This module covers advanced techniques and real-world deployment strategies. Level 6 specialization.",6
DevOps,Advanced Service Level Objectives Implementation,Intermediate,62,Advanced Service Level Objectives Implementation,"Master Service Level Objectives to build robust, industry-level DevOps projects. This module covers advanced techniques and real-world deployment strategies. Level 6 specialization.",6
DevOps,Advanced Chaos Engineering Implementation,Intermediate,63,Advanced Chaos Engineering Implementation,"Master Chaos Engineering to build robust, industry-level DevOps projects. This module covers advanced techniques and real-world deployment strategies. Level 6 specialization.",6
DevOps,Advanced Secret Management (Vault) Implementation,Intermediate,64,Advanced Secret Management (Vault) Implementation,"Master Secret Management (Vault) to build robust, industry-level DevOps projects. This module covers advanced techniques and real-world deployment strategies. Level 6 specialization.",6
DevOps,Advanced Network Overlay Plugins Implementation,Intermediate,65,Advanced Network Overlay Plugins Implementation,"Master Network Overlay Plugins to build robust, industry-level DevOps projects. This module covers advanced techniques and real-world deployment strategies. Level 6 specialization.",6
DevOps,Advanced Automated Canary Deployments Implementation,Intermediate,66,Advanced Automated Canary Deployments Implementation,"Master Automated Canary Deployments to build robust, industry-level DevOps projects. This module covers advanced techniques and real-world deployment strategies. Level 6 specialization.",6
DevOps,Advanced Policy as Code (OPA) Implementation,Intermediate,67,Advanced Policy as Code (OPA) Implementation,"Master Policy as Code (OPA) to build robust, industry-level DevOps projects. This module covers advanced techniques and real-world deployment strategies. Level 6 specialization.",6
DevOps,Advanced Blue-Green Strategies Implementation,Intermediate,68,Advanced Blue-Green Strategies Implementation,"Master Blue-Green Strategies to build robust, industry-level DevOps projects. This module covers advanced techniques and real-world deployment strategies. Level 6 specialization.",6
DevOps,Advanced Observability Frameworks Implementation,Intermediate,69,Advanced Observability Frameworks Implementation,"Master Observability Frameworks to build robust, industry-level DevOps projects. This module covers advanced techniques and real-world deployment strategies. Level 6 specialization.",6
DevOps,Advanced Infrastructure Drift Detection Implementation,Intermediate,70,Advanced Infrastructure Drift Detection Implementation,"Master Infrastructure Drift Detection to build robust, industry-level DevOps projects. This module covers advanced techniques and real-world deployment strategies. Level 6 specialization.",6
DevOps,Advanced GitOps Workflow Implementation,Intermediate,71,Advanced GitOps Workflow Implementation,"Master GitOps Workflow to build robust, industry-level DevOps projects. This module covers advanced techniques and real-world deployment strategies. Level 7 specialization.",6
DevOps,Advanced Service Level Objectives Implementation,Intermediate,72,Advanced Service Level Objectives Implementation,"Master Service Level Objectives to build robust, industry-level DevOps projects. This module covers advanced techniques and real-world deployment strategies. Level 7 specialization.",6
DevOps,Advanced Chaos Engineering Implementation,Intermediate,73,Advanced Chaos Engineering Implementation,"Master Chaos Engineering to build robust, industry-level DevOps projects. This module covers advanced techniques and real-world deployment strategies. Level 7 specialization.",6
DevOps,Advanced Secret Management (Vault) Implementation,Intermediate,74,Advanced Secret Management (Vault) Implementation,"Master Secret Management (Vault) to build robust, industry-level DevOps projects. This module covers advanced techniques and real-world deployment strategies. Level 7 specialization.",6
DevOps,Advanced Network Overlay Plugins Implementation,Intermediate,75,Advanced Network Overlay Plugins Implementation,"Master Network Overlay Plugins to build robust, industry-level DevOps projects. This module covers advanced techniques and real-world deployment strategies. Level 7 specialization.",6
DevOps,Advanced Automated Canary Deployments Implementation,Intermediate,76,Advanced Automated Canary Deployments Implementation,"Master Automated Canary Deployments to build robust, industry-level DevOps projects. This module covers advanced techniques and real-world deployment strategies. Level 7 specialization.",6
DevOps,Advanced Policy as Code (OPA) Implementation,Intermediate,77,Advanced Policy as Code (OPA) Implementation,"Master Policy as Code (OPA) to build robust, industry-level DevOps projects. This module covers advanced techniques and real-world deployment strategies. Level 7 specialization.",6
DevOps,Advanced Blue-Green Strategies Implementation,Intermediate,78,Advanced Blue-Green Strategies Implementation,"Master Blue-Green Strategies to build robust, industry-level DevOps projects. This module covers advanced techniques and real-world deployment strategies. Level 7 specialization.",6
DevOps,Advanced Observability Frameworks Implementation,Intermediate,79,Advanced Observability Frameworks Implementation,"Master Observability Frameworks to build robust, industry-level DevOps projects. This module covers advanced techniques and real-world deployment strategies. Level 7 specialization.",6
DevOps,Advanced Infrastructure Drift Detection Implementation,Intermediate,80,Advanced Infrastructure Drift Detection Implementation,"Master Infrastructure Drift Detection to build robust, industry-level DevOps projects. This module covers advanced techniques and real-world deployment strategies. Level 7 specialization.",6
DevOps,Advanced GitOps Workflow Implementation,Intermediate,81,Advanced GitOps Workflow Implementation,"Master GitOps Workflow to build robust, industry-level DevOps projects. This module covers advanced techniques and real-world deployment strategies. Level 8 specialization.",6
DevOps,Advanced Service Level Objectives Implementation,Intermediate,82,Advanced Service Level Objectives Implementation,"Master Service Level Objectives to build robust, industry-level DevOps projects. This module covers advanced techniques and real-world deployment strategies. Level 8 specialization.",6
DevOps,Advanced Chaos Engineering Implementation,Intermediate,83,Advanced Chaos Engineering Implementation,"Master Chaos Engineering to build robust, industry-level DevOps projects. This module covers advanced techniques and real-world deployment strategies. Level 8 specialization.",6
DevOps,Advanced Secret Management (Vault) Implementation,Intermediate,84,Advanced Secret Management (Vault) Implementation,"Master Secret Management (Vault) to build robust, industry-level DevOps projects. This module covers advanced techniques and real-world deployment strategies. Level 8 specialization.",6
DevOps,Advanced Network Overlay Plugins Implementation,Intermediate,85,Advanced Network Overlay Plugins Implementation,"Master Network Overlay Plugins to build robust, industry-level DevOps projects. This module covers advanced techniques and real-world deployment strategies. Level 8 specialization.",6
DevOps,Advanced Automated Canary Deployments Implementation,Intermediate,86,Advanced Automated Canary Deployments Implementation,"Master Automated Canary Deployments to build robust, industry-level DevOps projects. This module covers advanced techniques and real-world deployment strategies. Level 8 specialization.",6
DevOps,Advanced Policy as Code (OPA) Implementation,Intermediate,87,Advanced Policy as Code (OPA) Implementation,"Master Policy as Code (OPA) to build robust, industry-level DevOps projects. This module covers advanced techniques and real-world deployment strategies. Level 8 specialization.",6
DevOps,Advanced Blue-Green Strategies Implementation,Intermediate,88,Advanced Blue-Green Strategies Implementation,"Master Blue-Green Strategies to build robust, industry-level DevOps projects. This module covers advanced techniques and real-world deployment strategies. Level 8 specialization.",6
DevOps,Advanced Observability Frameworks Implementation,Intermediate,89,Advanced Observability Frameworks Implementation,"Master Observability Frameworks to build robust, industry-level DevOps projects. This module covers advanced techniques and real-world deployment strategies. Level 8 specialization.",6
DevOps,Advanced Infrastructure Drift Detection Implementation,Intermediate,90,Advanced Infrastructure Drift Detection Implementation,"Master Infrastructure Drift Detection to build robust, industry-level DevOps projects. This module covers advanced techniques and real-world deployment strategies. Level 8 specialization.",6
DevOps,Advanced GitOps Workflow Implementation,Intermediate,91,Advanced GitOps Workflow Implementation,"Master GitOps Workflow to build robust, industry-level DevOps projects. This module covers advanced techniques and real-world deployment strategies. Level 9 specialization.",6
DevOps,Advanced Service Level Objectives Implementation,Intermediate,92,Advanced Service Level Objectives Implementation,"Master Service Level Objectives to build robust, industry-level DevOps projects. This module covers advanced techniques and real-world deployment strategies. Level 9 specialization.",6
DevOps,Advanced Chaos Engineering Implementation,Intermediate,93,Advanced Chaos Engineering Implementation,"Master Chaos Engineering to build robust, industry-level DevOps projects. This module covers advanced techniques and real-world deployment strategies. Level 9 specialization.",6
DevOps,Advanced Secret Management (Vault) Implementation,Intermediate,94,Advanced Secret Management (Vault) Implementation,"Master Secret Management (Vault) to build robust, industry-level DevOps projects. This module covers advanced techniques and real-world deployment strategies. Level 9 specialization.",6
DevOps,Advanced Network Overlay Plugins Implementation,Intermediate,95,Advanced Network Overlay Plugins Implementation,"Master Network Overlay Plugins to build robust, industry-level DevOps projects. This module covers advanced techniques and real-world deployment strategies. Level 9 specialization.",6
DevOps,Advanced Automated Canary Deployments Implementation,Intermediate,96,Advanced Automated Canary Deployments Implementation,"Master Automated Canary Deployments to build robust, industry-level DevOps projects. This module covers advanced techniques and real-world deployment strategies. Level 9 specialization.",6
DevOps,Advanced Policy as Code (OPA) Implementation,Intermediate,97,Advanced Policy as Code (OPA) Implementation,"Master Policy as Code (OPA) to build robust, industry-level DevOps projects. This module covers advanced techniques and real-world deployment strategies. Level 9 specialization.",6
DevOps,Advanced Blue-Green Strategies Implementation,Intermediate,98,Advanced Blue-Green Strategies Implementation,"Master Blue-Green Strategies to build robust, industry-level DevOps projects. This module covers advanced techniques and real-world deployment strategies. Level 9 specialization.",6
DevOps,Advanced Observability Frameworks Implementation,Intermediate,99,Advanced Observability Frameworks Implementation,"Master Observability Frameworks to build robust, industry-level DevOps projects. This module covers advanced techniques and real-world deployment strategies. Level 9 specialization.",6
DevOps,Advanced Infrastructure Drift Detection Implementation,Intermediate,100,Advanced Infrastructure Drift Detection Implementation,"Master Infrastructure Drift Detection to build robust, industry-level DevOps projects. This module covers advanced techniques and real-world deployment strategies. Level 9 specialization.",6
Game Development,Intro to Game Dev,Beginner,1,Intro to Game Dev,"Understanding game loops, rendering, and physics engines.",7
Game Development,C# for Unity,Beginner,2,C# for Unity,Learning the primary language for professional game development.,7
Game Development,Unity Interface,Beginner,3,Unity Interface,"Navigating the scene view, inspector, and project structure.",7
Game Development,2D Game Mechanics,Beginner,4,2D Game Mechanics,"Building platformers, sprites, and 2D physics.",7
Game Development,3D Modeling & Texturing,Beginner,5,3D Modeling & Texturing,Basics of creating 3D assets for games.,7
Game Development,Unreal Engine & C++,Beginner,6,Unreal Engine & C++,High-performance game development with Unreal.,7
Game Development,Game AI Basics,Beginner,7,Game AI Basics,Implementing pathfinding and state machines for NPCs.,7
Game Development,Multiplayer Networking,Beginner,8,Multiplayer Networking,Synchronizing game state across multiple players.,7
Game Development,Mobile Game Optimization,Beginner,9,Mobile Game Optimization,Ensuring smooth performance on low-power devices.,7
Game Development,Game Publishing,Beginner,10,Game Publishing,"Distributing games on Steam, itch.io, and app stores.",7
Game Development,Shader Programming,Beginner,11,Shader Programming,"Master Shader Programming to build robust, industry-level Game Development projects. This module covers advanced techniques and real-world deployment strategies. Level 1 specialization.",7
Game Development,Physics Engine Tuning,Beginner,12,Physics Engine Tuning,"Master Physics Engine Tuning to build robust, industry-level Game Development projects. This module covers advanced techniques and real-world deployment strategies. Level 1 specialization.",7
Game Development,Procedural Content Generation,Beginner,13,Procedural Content Generation,"Master Procedural Content Generation to build robust, industry-level Game Development projects. This module covers advanced techniques and real-world deployment strategies. Level 1 specialization.",7
Game Development,Spatial Audio Design,Beginner,14,Spatial Audio Design,"Master Spatial Audio Design to build robust, industry-level Game Development projects. This module covers advanced techniques and real-world deployment strategies. Level 1 specialization.",7
Game Development,Vulkan API Intro,Beginner,15,Vulkan API Intro,"Master Vulkan API Intro to build robust, industry-level Game Development projects. This module covers advanced techniques and real-world deployment strategies. Level 1 specialization.",7
Game Development,Ray Tracing Implementation,Foundational,16,Ray Tracing Implementation,"Master Ray Tracing Implementation to build robust, industry-level Game Development projects. This module covers advanced techniques and real-world deployment strategies. Level 1 specialization.",7
Game Development,Game State Serialization,Foundational,17,Game State Serialization,"Master Game State Serialization to build robust, industry-level Game Development projects. This module covers advanced techniques and real-world deployment strategies. Level 1 specialization.",7
Game Development,Advanced Particle Systems,Foundational,18,Advanced Particle Systems,"Master Advanced Particle Systems to build robust, industry-level Game Development projects. This module covers advanced techniques and real-world deployment strategies. Level 1 specialization.",7
Game Development,VR Locomotion Patterns,Foundational,19,VR Locomotion Patterns,"Master VR Locomotion Patterns to build robust, industry-level Game Development projects. This module covers advanced techniques and real-world deployment strategies. Level 1 specialization.",7
Game Development,Anti-cheat Systems,Foundational,20,Anti-cheat Systems,"Master Anti-cheat Systems to build robust, industry-level Game Development projects. This module covers advanced techniques and real-world deployment strategies. Level 1 specialization.",7
Game Development,Deep Dive: Shader Programming,Foundational,21,Deep Dive: Shader Programming,"Master Shader Programming to build robust, industry-level Game Development projects. This module covers advanced techniques and real-world deployment strategies. Level 2 specialization.",7
Game Development,Deep Dive: Physics Engine Tuning,Foundational,22,Deep Dive: Physics Engine Tuning,"Master Physics Engine Tuning to build robust, industry-level Game Development projects. This module covers advanced techniques and real-world deployment strategies. Level 2 specialization.",7
Game Development,Deep Dive: Procedural Content Generation,Foundational,23,Deep Dive: Procedural Content Generation,"Master Procedural Content Generation to build robust, industry-level Game Development projects. This module covers advanced techniques and real-world deployment strategies. Level 2 specialization.",7
Game Development,Deep Dive: Spatial Audio Design,Foundational,24,Deep Dive: Spatial Audio Design,"Master Spatial Audio Design to build robust, industry-level Game Development projects. This module covers advanced techniques and real-world deployment strategies. Level 2 specialization.",7
Game Development,Deep Dive: Vulkan API Intro,Foundational,25,Deep Dive: Vulkan API Intro,"Master Vulkan API Intro to build robust, industry-level Game Development projects. This module covers advanced techniques and real-world deployment strategies. Level 2 specialization.",7
Game Development,Deep Dive: Ray Tracing Implementation,Foundational,26,Deep Dive: Ray Tracing Implementation,"Master Ray Tracing Implementation to build robust, industry-level Game Development projects. This module covers advanced techniques and real-world deployment strategies. Level 2 specialization.",7
Game Development,Deep Dive: Game State Serialization,Foundational,27,Deep Dive: Game State Serialization,"Master Game State Serialization to build robust, industry-level Game Development projects. This module covers advanced techniques and real-world deployment strategies. Level 2 specialization.",7
Game Development,Deep Dive: Advanced Particle Systems,Foundational,28,Deep Dive: Advanced Particle Systems,"Master Advanced Particle Systems to build robust, industry-level Game Development projects. This module covers advanced techniques and real-world deployment strategies. Level 2 specialization.",7
Game Development,Deep Dive: VR Locomotion Patterns,Foundational,29,Deep Dive: VR Locomotion Patterns,"Master VR Locomotion Patterns to build robust, industry-level Game Development projects. This module covers advanced techniques and real-world deployment strategies. Level 2 specialization.",7
Game Development,Deep Dive: Anti-cheat Systems,Foundational,30,Deep Dive: Anti-cheat Systems,"Master Anti-cheat Systems to build robust, industry-level Game Development projects. This module covers advanced techniques and real-world deployment strategies. Level 2 specialization.",7
Game Development,Expert Shader Programming Patterns,Foundational,31,Expert Shader Programming Patterns,"Master Shader Programming to build robust, industry-level Game Development projects. This module covers advanced techniques and real-world deployment strategies. Level 3 specialization.",7
Game Development,Expert Physics Engine Tuning Patterns,Foundational,32,Expert Physics Engine Tuning Patterns,"Master Physics Engine Tuning to build robust, industry-level Game Development projects. This module covers advanced techniques and real-world deployment strategies. Level 3 specialization.",7
Game Development,Expert Procedural Content Generation Patterns,Foundational,33,Expert Procedural Content Generation Patterns,"Master Procedural Content Generation to build robust, industry-level Game Development projects. This module covers advanced techniques and real-world deployment strategies. Level 3 specialization.",7
Game Development,Expert Spatial Audio Design Patterns,Foundational,34,Expert Spatial Audio Design Patterns,"Master Spatial Audio Design to build robust, industry-level Game Development projects. This module covers advanced techniques and real-world deployment strategies. Level 3 specialization.",7
Game Development,Expert Vulkan API Intro Patterns,Foundational,35,Expert Vulkan API Intro Patterns,"Master Vulkan API Intro to build robust, industry-level Game Development projects. This module covers advanced techniques and real-world deployment strategies. Level 3 specialization.",7
Game Development,Expert Ray Tracing Implementation Patterns,Intermediate,36,Expert Ray Tracing Implementation Patterns,"Master Ray Tracing Implementation to build robust, industry-level Game Development projects. This module covers advanced techniques and real-world deployment strategies. Level 3 specialization.",7
Game Development,Expert Game State Serialization Patterns,Intermediate,37,Expert Game State Serialization Patterns,"Master Game State Serialization to build robust, industry-level Game Development projects. This module covers advanced techniques and real-world deployment strategies. Level 3 specialization.",7
Game Development,Expert Advanced Particle Systems Patterns,Intermediate,38,Expert Advanced Particle Systems Patterns,"Master Advanced Particle Systems to build robust, industry-level Game Development projects. This module covers advanced techniques and real-world deployment strategies. Level 3 specialization.",7
Game Development,Expert VR Locomotion Patterns Patterns,Intermediate,39,Expert VR Locomotion Patterns Patterns,"Master VR Locomotion Patterns to build robust, industry-level Game Development projects. This module covers advanced techniques and real-world deployment strategies. Level 3 specialization.",7
Game Development,Expert Anti-cheat Systems Patterns,Intermediate,40,Expert Anti-cheat Systems Patterns,"Master Anti-cheat Systems to build robust, industry-level Game Development projects. This module covers advanced techniques and real-world deployment strategies. Level 3 specialization.",7
Game Development,Advanced Shader Programming Implementation,Intermediate,41,Advanced Shader Programming Implementation,"Master Shader Programming to build robust, industry-level Game Development projects. This module covers advanced techniques and real-world deployment strategies. Level 4 specialization.",7
Game Development,Advanced Physics Engine Tuning Implementation,Intermediate,42,Advanced Physics Engine Tuning Implementation,"Master Physics Engine Tuning to build robust, industry-level Game Development projects. This module covers advanced techniques and real-world deployment strategies. Level 4 specialization.",7
Game Development,Advanced Procedural Content Generation Implementation,Intermediate,43,Advanced Procedural Content Generation Implementation,"Master Procedural Content Generation to build robust, industry-level Game Development projects. This module covers advanced techniques and real-world deployment strategies. Level 4 specialization.",7
Game Development,Advanced Spatial Audio Design Implementation,Intermediate,44,Advanced Spatial Audio Design Implementation,"Master Spatial Audio Design to build robust, industry-level Game Development projects. This module covers advanced techniques and real-world deployment strategies. Level 4 specialization.",7
Game Development,Advanced Vulkan API Intro Implementation,Intermediate,45,Advanced Vulkan API Intro Implementation,"Master Vulkan API Intro to build robust, industry-level Game Development projects. This module covers advanced techniques and real-world deployment strategies. Level 4 specialization.",7
Game Development,Advanced Ray Tracing Implementation Implementation,Intermediate,46,Advanced Ray Tracing Implementation Implementation,"Master Ray Tracing Implementation to build robust, industry-level Game Development projects. This module covers advanced techniques and real-world deployment strategies. Level 4 specialization.",7
Game Development,Advanced Game State Serialization Implementation,Intermediate,47,Advanced Game State Serialization Implementation,"Master Game State Serialization to build robust, industry-level Game Development projects. This module covers advanced techniques and real-world deployment strategies. Level 4 specialization.",7
Game Development,Advanced Advanced Particle Systems Implementation,Intermediate,48,Advanced Advanced Particle Systems Implementation,"Master Advanced Particle Systems to build robust, industry-level Game Development projects. This module covers advanced techniques and real-world deployment strategies. Level 4 specialization.",7
Game Development,Advanced VR Locomotion Patterns Implementation,Intermediate,49,Advanced VR Locomotion Patterns Implementation,"Master VR Locomotion Patterns to build robust, industry-level Game Development projects. This module covers advanced techniques and real-world deployment strategies. Level 4 specialization.",7
Game Development,Advanced Anti-cheat Systems Implementation,Intermediate,50,Advanced Anti-cheat Systems Implementation,"Master Anti-cheat Systems to build robust, industry-level Game Development projects. This module covers advanced techniques and real-world deployment strategies. Level 4 specialization.",7
Game Development,Advanced Shader Programming Implementation,Intermediate,51,Advanced Shader Programming Implementation,"Master Shader Programming to build robust, industry-level Game Development projects. This module covers advanced techniques and real-world deployment strategies. Level 5 specialization.",7
Game Development,Advanced Physics Engine Tuning Implementation,Intermediate,52,Advanced Physics Engine Tuning Implementation,"Master Physics Engine Tuning to build robust, industry-level Game Development projects. This module covers advanced techniques and real-world deployment strategies. Level 5 specialization.",7
Game Development,Advanced Procedural Content Generation Implementation,Intermediate,53,Advanced Procedural Content Generation Implementation,"Master Procedural Content Generation to build robust, industry-level Game Development projects. This module covers advanced techniques and real-world deployment strategies. Level 5 specialization.",7
Game Development,Advanced Spatial Audio Design Implementation,Intermediate,54,Advanced Spatial Audio Design Implementation,"Master Spatial Audio Design to build robust, industry-level Game Development projects. This module covers advanced techniques and real-world deployment strategies. Level 5 specialization.",7
Game Development,Advanced Vulkan API Intro Implementation,Intermediate,55,Advanced Vulkan API Intro Implementation,"Master Vulkan API Intro to build robust, industry-level Game Development projects. This module covers advanced techniques and real-world deployment strategies. Level 5 specialization.",7
Game Development,Advanced Ray Tracing Implementation Implementation,Intermediate,56,Advanced Ray Tracing Implementation Implementation,"Master Ray Tracing Implementation to build robust, industry-level Game Development projects. This module covers advanced techniques and real-world deployment strategies. Level 5 specialization.",7
Game Development,Advanced Game State Serialization Implementation,Intermediate,57,Advanced Game State Serialization Implementation,"Master Game State Serialization to build robust, industry-level Game Development projects. This module covers advanced techniques and real-world deployment strategies. Level 5 specialization.",7
Game Development,Advanced Advanced Particle Systems Implementation,Intermediate,58,Advanced Advanced Particle Systems Implementation,"Master Advanced Particle Systems to build robust, industry-level Game Development projects. This module covers advanced techniques and real-world deployment strategies. Level 5 specialization.",7
Game Development,Advanced VR Locomotion Patterns Implementation,Intermediate,59,Advanced VR Locomotion Patterns Implementation,"Master VR Locomotion Patterns to build robust, industry-level Game Development projects. This module covers advanced techniques and real-world deployment strategies. Level 5 specialization.",7
Game Development,Advanced Anti-cheat Systems Implementation,Intermediate,60,Advanced Anti-cheat Systems Implementation,"Master Anti-cheat Systems to build robust, industry-level Game Development projects. This module covers advanced techniques and real-world deployment strategies. Level 5 specialization.",7
Game Development,Advanced Shader Programming Implementation,Intermediate,61,Advanced Shader Programming Implementation,"Master Shader Programming to build robust, industry-level Game Development projects. This module covers advanced techniques and real-world deployment strategies. Level 6 specialization.",7
Game Development,Advanced Physics Engine Tuning Implementation,Intermediate,62,Advanced Physics Engine Tuning Implementation,"Master Physics Engine Tuning to build robust, industry-level Game Development projects. This module covers advanced techniques and real-world deployment strategies. Level 6 specialization.",7
Game Development,Advanced Procedural Content Generation Implementation,Intermediate,63,Advanced Procedural Content Generation Implementation,"Master Procedural Content Generation to build robust, industry-level Game Development projects. This module covers advanced techniques and real-world deployment strategies. Level 6 specialization.",7
Game Development,Advanced Spatial Audio Design Implementation,Intermediate,64,Advanced Spatial Audio Design Implementation,"Master Spatial Audio Design to build robust, industry-level Game Development projects. This module covers advanced techniques and real-world deployment strategies. Level 6 specialization.",7
Game Development,Advanced Vulkan API Intro Implementation,Intermediate,65,Advanced Vulkan API Intro Implementation,"Master Vulkan API Intro to build robust, industry-level Game Development projects. This module covers advanced techniques and real-world deployment strategies. Level 6 specialization.",7
Game Development,Advanced Ray Tracing Implementation Implementation,Intermediate,66,Advanced Ray Tracing Implementation Implementation,"Master Ray Tracing Implementation to build robust, industry-level Game Development projects. This module covers advanced techniques and real-world deployment strategies. Level 6 specialization.",7
Game Development,Advanced Game State Serialization Implementation,Intermediate,67,Advanced Game State Serialization Implementation,"Master Game State Serialization to build robust, industry-level Game Development projects. This module covers advanced techniques and real-world deployment strategies. Level 6 specialization.",7
Game Development,Advanced Advanced Particle Systems Implementation,Intermediate,68,Advanced Advanced Particle Systems Implementation,"Master Advanced Particle Systems to build robust, industry-level Game Development projects. This module covers advanced techniques and real-world deployment strategies. Level 6 specialization.",7
Game Development,Advanced VR Locomotion Patterns Implementation,Intermediate,69,Advanced VR Locomotion Patterns Implementation,"Master VR Locomotion Patterns to build robust, industry-level Game Development projects. This module covers advanced techniques and real-world deployment strategies. Level 6 specialization.",7
Game Development,Advanced Anti-cheat Systems Implementation,Intermediate,70,Advanced Anti-cheat Systems Implementation,"Master Anti-cheat Systems to build robust, industry-level Game Development projects. This module covers advanced techniques and real-world deployment strategies. Level 6 specialization.",7
Game Development,Advanced Shader Programming Implementation,Intermediate,71,Advanced Shader Programming Implementation,"Master Shader Programming to build robust, industry-level Game Development projects. This module covers advanced techniques and real-world deployment strategies. Level 7 specialization.",7
Game Development,Advanced Physics Engine Tuning Implementation,Intermediate,72,Advanced Physics Engine Tuning Implementation,"Master Physics Engine Tuning to build robust, industry-level Game Development projects. This module covers advanced techniques and real-world deployment strategies. Level 7 specialization.",7
Game Development,Advanced Procedural Content Generation Implementation,Intermediate,73,Advanced Procedural Content Generation Implementation,"Master Procedural Content Generation to build robust, industry-level Game Development projects. This module covers advanced techniques and real-world deployment strategies. Level 7 specialization.",7
Game Development,Advanced Spatial Audio Design Implementation,Intermediate,74,Advanced Spatial Audio Design Implementation,"Master Spatial Audio Design to build robust, industry-level Game Development projects. This module covers advanced techniques and real-world deployment strategies. Level 7 specialization.",7
Game Development,Advanced Vulkan API Intro Implementation,Intermediate,75,Advanced Vulkan API Intro Implementation,"Master Vulkan API Intro to build robust, industry-level Game Development projects. This module covers advanced techniques and real-world deployment strategies. Level 7 specialization.",7
Game Development,Advanced Ray Tracing Implementation Implementation,Intermediate,76,Advanced Ray Tracing Implementation Implementation,"Master Ray Tracing Implementation to build robust, industry-level Game Development projects. This module covers advanced techniques and real-world deployment strategies. Level 7 specialization.",7
Game Development,Advanced Game State Serialization Implementation,Intermediate,77,Advanced Game State Serialization Implementation,"Master Game State Serialization to build robust, industry-level Game Development projects. This module covers advanced techniques and real-world deployment strategies. Level 7 specialization.",7
Game Development,Advanced Advanced Particle Systems Implementation,Intermediate,78,Advanced Advanced Particle Systems Implementation,"Master Advanced Particle Systems to build robust, industry-level Game Development projects. This module covers advanced techniques and real-world deployment strategies. Level 7 specialization.",7
Game Development,Advanced VR Locomotion Patterns Implementation,Intermediate,79,Advanced VR Locomotion Patterns Implementation,"Master VR Locomotion Patterns to build robust, industry-level Game Development projects. This module covers advanced techniques and real-world deployment strategies. Level 7 specialization.",7
Game Development,Advanced Anti-cheat Systems Implementation,Intermediate,80,Advanced Anti-cheat Systems Implementation,"Master Anti-cheat Systems to build robust, industry-level Game Development projects. This module covers advanced techniques and real-world deployment strategies. Level 7 specialization.",7
Game Development,Advanced Shader Programming Implementation,Intermediate,81,Advanced Shader Programming Implementation,"Master Shader Programming to build robust, industry-level Game Development projects. This module covers advanced techniques and real-world deployment strategies. Level 8 specialization.",7
Game Development,Advanced Physics Engine Tuning Implementation,Intermediate,82,Advanced Physics Engine Tuning Implementation,"Master Physics Engine Tuning to build robust, industry-level Game Development projects. This module covers advanced techniques and real-world deployment strategies. Level 8 specialization.",7
Game Development,Advanced Procedural Content Generation Implementation,Intermediate,83,Advanced Procedural Content Generation Implementation,"Master Procedural Content Generation to build robust, industry-level Game Development projects. This module covers advanced techniques and real-world deployment strategies. Level 8 specialization.",7
Game Development,Advanced Spatial Audio Design Implementation,Intermediate,84,Advanced Spatial Audio Design Implementation,"Master Spatial Audio Design to build robust, industry-level Game Development projects. This module covers advanced techniques and real-world deployment strategies. Level 8 specialization.",7
Game Development,Advanced Vulkan API Intro Implementation,Intermediate,85,Advanced Vulkan API Intro Implementation,"Master Vulkan API Intro to build robust, industry-level Game Development projects. This module covers advanced techniques and real-world deployment strategies. Level 8 specialization.",7
Game Development,Advanced Ray Tracing Implementation Implementation,Intermediate,86,Advanced Ray Tracing Implementation Implementation,"Master Ray Tracing Implementation to build robust, industry-level Game Development projects. This module covers advanced techniques and real-world deployment strategies. Level 8 specialization.",7
Game Development,Advanced Game State Serialization Implementation,Intermediate,87,Advanced Game State Serialization Implementation,"Master Game State Serialization to build robust, industry-level Game Development projects. This module covers advanced techniques and real-world deployment strategies. Level 8 specialization.",7
Game Development,Advanced Advanced Particle Systems Implementation,Intermediate,88,Advanced Advanced Particle Systems Implementation,"Master Advanced Particle Systems to build robust, industry-level Game Development projects. This module covers advanced techniques and real-world deployment strategies. Level 8 specialization.",7
Game Development,Advanced VR Locomotion Patterns Implementation,Intermediate,89,Advanced VR Locomotion Patterns Implementation,"Master VR Locomotion Patterns to build robust, industry-level Game Development projects. This module covers advanced techniques and real-world deployment strategies. Level 8 specialization.",7
Game Development,Advanced Anti-cheat Systems Implementation,Intermediate,90,Advanced Anti-cheat Systems Implementation,"Master Anti-cheat Systems to build robust, industry-level Game Development projects. This module covers advanced techniques and real-world deployment strategies. Level 8 specialization.",7
Game Development,Advanced Shader Programming Implementation,Intermediate,91,Advanced Shader Programming Implementation,"Master Shader Programming to build robust, industry-level Game Development projects. This module covers advanced techniques and real-world deployment strategies. Level 9 specialization.",7
Game Development,Advanced Physics Engine Tuning Implementation,Intermediate,92,Advanced Physics Engine Tuning Implementation,"Master Physics Engine Tuning to build robust, industry-level Game Development projects. This module covers advanced techniques and real-world deployment strategies. Level 9 specialization.",7
Game Development,Advanced Procedural Content Generation Implementation,Intermediate,93,Advanced Procedural Content Generation Implementation,"Master Procedural Content Generation to build robust, industry-level Game Development projects. This module covers advanced techniques and real-world deployment strategies. Level 9 specialization.",7
Game Development,Advanced Spatial Audio Design Implementation,Intermediate,94,Advanced Spatial Audio Design Implementation,"Master Spatial Audio Design to build robust, industry-level Game Development projects. This module covers advanced techniques and real-world deployment strategies. Level 9 specialization.",7
Game Development,Advanced Vulkan API Intro Implementation,Intermediate,95,Advanced Vulkan API Intro Implementation,"Master Vulkan API Intro to build robust, industry-level Game Development projects. This module covers advanced techniques and real-world deployment strategies. Level 9 specialization.",7
Game Development,Advanced Ray Tracing Implementation Implementation,Intermediate,96,Advanced Ray Tracing Implementation Implementation,"Master Ray Tracing Implementation to build robust, industry-level Game Development projects. This module covers advanced techniques and real-world deployment strategies. Level 9 specialization.",7
Game Development,Advanced Game State Serialization Implementation,Intermediate,97,Advanced Game State Serialization Implementation,"Master Game State Serialization to build robust, industry-level Game Development projects. This module covers advanced techniques and real-world deployment strategies. Level 9 specialization.",7
Game Development,Advanced Advanced Particle Systems Implementation,Intermediate,98,Advanced Advanced Particle Systems Implementation,"Master Advanced Particle Systems to build robust, industry-level Game Development projects. This module covers advanced techniques and real-world deployment strategies. Level 9 specialization.",7
Game Development,Advanced VR Locomotion Patterns Implementation,Intermediate,99,Advanced VR Locomotion Patterns Implementation,"Master VR Locomotion Patterns to build robust, industry-level Game Development projects. This module covers advanced techniques and real-world deployment strategies. Level 9 specialization.",7
Game Development,Advanced Anti-cheat Systems Implementation,Intermediate,100,Advanced Anti-cheat Systems Implementation,"Master Anti-cheat Systems to build robust, industry-level Game Development projects. This module covers advanced techniques and real-world deployment strategies. Level 9 specialization.",7
Blockchain,Intro to Blockchain,Beginner,1,Intro to Blockchain,"Understanding decentralization, blocks, hashes, and the basic architecture of a ledger.",8
Blockchain,Bitcoin & Digital Gold,Beginner,2,Bitcoin & Digital Gold,Analyzing the original whitepaper and the concept of peer-to-peer electronic cash.,8
Blockchain,Ethereum & Smart Contracts,Beginner,3,Ethereum & Smart Contracts,Introduction to programmable money and the Ethereum Virtual Machine (EVM).,8
Blockchain,Solidity Fundamentals,Beginner,4,Solidity Fundamentals,"Learning the basics of Solidity: variables, types, and contract structure.",8
Blockchain,Web3.js & Ethers.js,Beginner,5,Web3.js & Ethers.js,Connecting frontend applications to the blockchain using JavaScript libraries.,8
Blockchain,IPFS & Decentralized Storage,Beginner,6,IPFS & Decentralized Storage,Storing files off-chain using InterPlanetary File System.,8
Blockchain,DeFi & Liquidity Pools,Beginner,7,DeFi & Liquidity Pools,"Understanding decentralized finance, swapping, and yield farming.",8
Blockchain,NFTs & ERC-721,Beginner,8,NFTs & ERC-721,Building and deploying non-fungible tokens on Ethereum.,8
Blockchain,DAOs & Governance,Beginner,9,DAOs & Governance,Creating decentralized autonomous organizations with voting mechanisms.,8
Blockchain,Layer 2 Scaling,Beginner,10,Layer 2 Scaling,"Understanding Optimism, Arbitrum, and Polygon for faster transactions.",8
Blockchain,Zero-Knowledge Proofs,Beginner,11,Zero-Knowledge Proofs,"Master Zero-Knowledge Proofs to build robust, industry-level Blockchain projects. This module covers advanced techniques and real-world deployment strategies. Level 1 specialization.",8
Blockchain,Cross-chain Bridges,Beginner,12,Cross-chain Bridges,"Master Cross-chain Bridges to build robust, industry-level Blockchain projects. This module covers advanced techniques and real-world deployment strategies. Level 1 specialization.",8
Blockchain,MEV (Miner Extractable Value),Beginner,13,MEV (Miner Extractable Value),"Master MEV (Miner Extractable Value) to build robust, industry-level Blockchain projects. This module covers advanced techniques and real-world deployment strategies. Level 1 specialization.",8
Blockchain,Consensus Algorithms (PoS/PoW),Beginner,14,Consensus Algorithms (PoS/PoW),"Master Consensus Algorithms (PoS/PoW) to build robust, industry-level Blockchain projects. This module covers advanced techniques and real-world deployment strategies. Level 1 specialization.",8
Blockchain,Smart Contract Security,Beginner,15,Smart Contract Security,"Master Smart Contract Security to build robust, industry-level Blockchain projects. This module covers advanced techniques and real-world deployment strategies. Level 1 specialization.",8
Blockchain,Oracles (Chainlink),Foundational,16,Oracles (Chainlink),"Master Oracles (Chainlink) to build robust, industry-level Blockchain projects. This module covers advanced techniques and real-world deployment strategies. Level 1 specialization.",8
Blockchain,Stablecoin Mechanics,Foundational,17,Stablecoin Mechanics,"Master Stablecoin Mechanics to build robust, industry-level Blockchain projects. This module covers advanced techniques and real-world deployment strategies. Level 1 specialization.",8
Blockchain,DAO Governance Tokens,Foundational,18,DAO Governance Tokens,"Master DAO Governance Tokens to build robust, industry-level Blockchain projects. This module covers advanced techniques and real-world deployment strategies. Level 1 specialization.",8
Blockchain,EVM Opcode Analysis,Foundational,19,EVM Opcode Analysis,"Master EVM Opcode Analysis to build robust, industry-level Blockchain projects. This module covers advanced techniques and real-world deployment strategies. Level 1 specialization.",8
Blockchain,zk-Rollups Architecture,Foundational,20,zk-Rollups Architecture,"Master zk-Rollups Architecture to build robust, industry-level Blockchain projects. This module covers advanced techniques and real-world deployment strategies. Level 1 specialization.",8
Blockchain,Deep Dive: Zero-Knowledge Proofs,Foundational,21,Deep Dive: Zero-Knowledge Proofs,"Master Zero-Knowledge Proofs to build robust, industry-level Blockchain projects. This module covers advanced techniques and real-world deployment strategies. Level 2 specialization.",8
Blockchain,Deep Dive: Cross-chain Bridges,Foundational,22,Deep Dive: Cross-chain Bridges,"Master Cross-chain Bridges to build robust, industry-level Blockchain projects. This module covers advanced techniques and real-world deployment strategies. Level 2 specialization.",8
Blockchain,Deep Dive: MEV (Miner Extractable Value),Foundational,23,Deep Dive: MEV (Miner Extractable Value),"Master MEV (Miner Extractable Value) to build robust, industry-level Blockchain projects. This module covers advanced techniques and real-world deployment strategies. Level 2 specialization.",8
Blockchain,Deep Dive: Consensus Algorithms (PoS/PoW),Foundational,24,Deep Dive: Consensus Algorithms (PoS/PoW),"Master Consensus Algorithms (PoS/PoW) to build robust, industry-level Blockchain projects. This module covers advanced techniques and real-world deployment strategies. Level 2 specialization.",8
Blockchain,Deep Dive: Smart Contract Security,Foundational,25,Deep Dive: Smart Contract Security,"Master Smart Contract Security to build robust, industry-level Blockchain projects. This module covers advanced techniques and real-world deployment strategies. Level 2 specialization.",8
Blockchain,Deep Dive: Oracles (Chainlink),Foundational,26,Deep Dive: Oracles (Chainlink),"Master Oracles (Chainlink) to build robust, industry-level Blockchain projects. This module covers advanced techniques and real-world deployment strategies. Level 2 specialization.",8
Blockchain,Deep Dive: Stablecoin Mechanics,Foundational,27,Deep Dive: Stablecoin Mechanics,"Master Stablecoin Mechanics to build robust, industry-level Blockchain projects. This module covers advanced techniques and real-world deployment strategies. Level 2 specialization.",8
Blockchain,Deep Dive: DAO Governance Tokens,Foundational,28,Deep Dive: DAO Governance Tokens,"Master DAO Governance Tokens to build robust, industry-level Blockchain projects. This module covers advanced techniques and real-world deployment strategies. Level 2 specialization.",8
Blockchain,Deep Dive: EVM Opcode Analysis,Foundational,29,Deep Dive: EVM Opcode Analysis,"Master EVM Opcode Analysis to build robust, industry-level Blockchain projects. This module covers advanced techniques and real-world deployment strategies. Level 2 specialization.",8
Blockchain,Deep Dive: zk-Rollups Architecture,Foundational,30,Deep Dive: zk-Rollups Architecture,"Master zk-Rollups Architecture to build robust, industry-level Blockchain projects. This module covers advanced techniques and real-world deployment strategies. Level 2 specialization.",8
Blockchain,Expert Zero-Knowledge Proofs Patterns,Foundational,31,Expert Zero-Knowledge Proofs Patterns,"Master Zero-Knowledge Proofs to build robust, industry-level Blockchain projects. This module covers advanced techniques and real-world deployment strategies. Level 3 specialization.",8
Blockchain,Expert Cross-chain Bridges Patterns,Foundational,32,Expert Cross-chain Bridges Patterns,"Master Cross-chain Bridges to build robust, industry-level Blockchain projects. This module covers advanced techniques and real-world deployment strategies. Level 3 specialization.",8
Blockchain,Expert MEV (Miner Extractable Value) Patterns,Foundational,33,Expert MEV (Miner Extractable Value) Patterns,"Master MEV (Miner Extractable Value) to build robust, industry-level Blockchain projects. This module covers advanced techniques and real-world deployment strategies. Level 3 specialization.",8
Blockchain,Expert Consensus Algorithms (PoS/PoW) Patterns,Foundational,34,Expert Consensus Algorithms (PoS/PoW) Patterns,"Master Consensus Algorithms (PoS/PoW) to build robust, industry-level Blockchain projects. This module covers advanced techniques and real-world deployment strategies. Level 3 specialization.",8
Blockchain,Expert Smart Contract Security Patterns,Foundational,35,Expert Smart Contract Security Patterns,"Master Smart Contract Security to build robust, industry-level Blockchain projects. This module covers advanced techniques and real-world deployment strategies. Level 3 specialization.",8
Blockchain,Expert Oracles (Chainlink) Patterns,Intermediate,36,Expert Oracles (Chainlink) Patterns,"Master Oracles (Chainlink) to build robust, industry-level Blockchain projects. This module covers advanced techniques and real-world deployment strategies. Level 3 specialization.",8
Blockchain,Expert Stablecoin Mechanics Patterns,Intermediate,37,Expert Stablecoin Mechanics Patterns,"Master Stablecoin Mechanics to build robust, industry-level Blockchain projects. This module covers advanced techniques and real-world deployment strategies. Level 3 specialization.",8
Blockchain,Expert DAO Governance Tokens Patterns,Intermediate,38,Expert DAO Governance Tokens Patterns,"Master DAO Governance Tokens to build robust, industry-level Blockchain projects. This module covers advanced techniques and real-world deployment strategies. Level 3 specialization.",8
Blockchain,Expert EVM Opcode Analysis Patterns,Intermediate,39,Expert EVM Opcode Analysis Patterns,"Master EVM Opcode Analysis to build robust, industry-level Blockchain projects. This module covers advanced techniques and real-world deployment strategies. Level 3 specialization.",8
Blockchain,Expert zk-Rollups Architecture Patterns,Intermediate,40,Expert zk-Rollups Architecture Patterns,"Master zk-Rollups Architecture to build robust, industry-level Blockchain projects. This module covers advanced techniques and real-world deployment strategies. Level 3 specialization.",8
Blockchain,Advanced Zero-Knowledge Proofs Implementation,Intermediate,41,Advanced Zero-Knowledge Proofs Implementation,"Master Zero-Knowledge Proofs to build robust, industry-level Blockchain projects. This module covers advanced techniques and real-world deployment strategies. Level 4 specialization.",8
Blockchain,Advanced Cross-chain Bridges Implementation,Intermediate,42,Advanced Cross-chain Bridges Implementation,"Master Cross-chain Bridges to build robust, industry-level Blockchain projects. This module covers advanced techniques and real-world deployment strategies. Level 4 specialization.",8
Blockchain,Advanced MEV (Miner Extractable Value) Implementation,Intermediate,43,Advanced MEV (Miner Extractable Value) Implementation,"Master MEV (Miner Extractable Value) to build robust, industry-level Blockchain projects. This module covers advanced techniques and real-world deployment strategies. Level 4 specialization.",8
Blockchain,Advanced Consensus Algorithms (PoS/PoW) Implementation,Intermediate,44,Advanced Consensus Algorithms (PoS/PoW) Implementation,"Master Consensus Algorithms (PoS/PoW) to build robust, industry-level Blockchain projects. This module covers advanced techniques and real-world deployment strategies. Level 4 specialization.",8
Blockchain,Advanced Smart Contract Security Implementation,Intermediate,45,Advanced Smart Contract Security Implementation,"Master Smart Contract Security to build robust, industry-level Blockchain projects. This module covers advanced techniques and real-world deployment strategies. Level 4 specialization.",8
Blockchain,Advanced Oracles (Chainlink) Implementation,Intermediate,46,Advanced Oracles (Chainlink) Implementation,"Master Oracles (Chainlink) to build robust, industry-level Blockchain projects. This module covers advanced techniques and real-world deployment strategies. Level 4 specialization.",8
Blockchain,Advanced Stablecoin Mechanics Implementation,Intermediate,47,Advanced Stablecoin Mechanics Implementation,"Master Stablecoin Mechanics to build robust, industry-level Blockchain projects. This module covers advanced techniques and real-world deployment strategies. Level 4 specialization.",8
Blockchain,Advanced DAO Governance Tokens Implementation,Intermediate,48,Advanced DAO Governance Tokens Implementation,"Master DAO Governance Tokens to build robust, industry-level Blockchain projects. This module covers advanced techniques and real-world deployment strategies. Level 4 specialization.",8
Blockchain,Advanced EVM Opcode Analysis Implementation,Intermediate,49,Advanced EVM Opcode Analysis Implementation,"Master EVM Opcode Analysis to build robust, industry-level Blockchain projects. This module covers advanced techniques and real-world deployment strategies. Level 4 specialization.",8
Blockchain,Advanced zk-Rollups Architecture Implementation,Intermediate,50,Advanced zk-Rollups Architecture Implementation,"Master zk-Rollups Architecture to build robust, industry-level Blockchain projects. This module covers advanced techniques and real-world deployment strategies. Level 4 specialization.",8
Blockchain,Advanced Zero-Knowledge Proofs Implementation,Intermediate,51,Advanced Zero-Knowledge Proofs Implementation,"Master Zero-Knowledge Proofs to build robust, industry-level Blockchain projects. This module covers advanced techniques and real-world deployment strategies. Level 5 specialization.",8
Blockchain,Advanced Cross-chain Bridges Implementation,Intermediate,52,Advanced Cross-chain Bridges Implementation,"Master Cross-chain Bridges to build robust, industry-level Blockchain projects. This module covers advanced techniques and real-world deployment strategies. Level 5 specialization.",8
Blockchain,Advanced MEV (Miner Extractable Value) Implementation,Intermediate,53,Advanced MEV (Miner Extractable Value) Implementation,"Master MEV (Miner Extractable Value) to build robust, industry-level Blockchain projects. This module covers advanced techniques and real-world deployment strategies. Level 5 specialization.",8
Blockchain,Advanced Consensus Algorithms (PoS/PoW) Implementation,Intermediate,54,Advanced Consensus Algorithms (PoS/PoW) Implementation,"Master Consensus Algorithms (PoS/PoW) to build robust, industry-level Blockchain projects. This module covers advanced techniques and real-world deployment strategies. Level 5 specialization.",8
Blockchain,Advanced Smart Contract Security Implementation,Intermediate,55,Advanced Smart Contract Security Implementation,"Master Smart Contract Security to build robust, industry-level Blockchain projects. This module covers advanced techniques and real-world deployment strategies. Level 5 specialization.",8
Blockchain,Advanced Oracles (Chainlink) Implementation,Intermediate,56,Advanced Oracles (Chainlink) Implementation,"Master Oracles (Chainlink) to build robust, industry-level Blockchain projects. This module covers advanced techniques and real-world deployment strategies. Level 5 specialization.",8
Blockchain,Advanced Stablecoin Mechanics Implementation,Intermediate,57,Advanced Stablecoin Mechanics Implementation,"Master Stablecoin Mechanics to build robust, industry-level Blockchain projects. This module covers advanced techniques and real-world deployment strategies. Level 5 specialization.",8
Blockchain,Advanced DAO Governance Tokens Implementation,Intermediate,58,Advanced DAO Governance Tokens Implementation,"Master DAO Governance Tokens to build robust, industry-level Blockchain projects. This module covers advanced techniques and real-world deployment strategies. Level 5 specialization.",8
Blockchain,Advanced EVM Opcode Analysis Implementation,Intermediate,59,Advanced EVM Opcode Analysis Implementation,"Master EVM Opcode Analysis to build robust, industry-level Blockchain projects. This module covers advanced techniques and real-world deployment strategies. Level 5 specialization.",8
Blockchain,Advanced zk-Rollups Architecture Implementation,Intermediate,60,Advanced zk-Rollups Architecture Implementation,"Master zk-Rollups Architecture to build robust, industry-level Blockchain projects. This module covers advanced techniques and real-world deployment strategies. Level 5 specialization.",8
Blockchain,Advanced Zero-Knowledge Proofs Implementation,Intermediate,61,Advanced Zero-Knowledge Proofs Implementation,"Master Zero-Knowledge Proofs to build robust, industry-level Blockchain projects. This module covers advanced techniques and real-world deployment strategies. Level 6 specialization.",8
Blockchain,Advanced Cross-chain Bridges Implementation,Intermediate,62,Advanced Cross-chain Bridges Implementation,"Master Cross-chain Bridges to build robust, industry-level Blockchain projects. This module covers advanced techniques and real-world deployment strategies. Level 6 specialization.",8
Blockchain,Advanced MEV (Miner Extractable Value) Implementation,Intermediate,63,Advanced MEV (Miner Extractable Value) Implementation,"Master MEV (Miner Extractable Value) to build robust, industry-level Blockchain projects. This module covers advanced techniques and real-world deployment strategies. Level 6 specialization.",8
Blockchain,Advanced Consensus Algorithms (PoS/PoW) Implementation,Intermediate,64,Advanced Consensus Algorithms (PoS/PoW) Implementation,"Master Consensus Algorithms (PoS/PoW) to build robust, industry-level Blockchain projects. This module covers advanced techniques and real-world deployment strategies. Level 6 specialization.",8
Blockchain,Advanced Smart Contract Security Implementation,Intermediate,65,Advanced Smart Contract Security Implementation,"Master Smart Contract Security to build robust, industry-level Blockchain projects. This module covers advanced techniques and real-world deployment strategies. Level 6 specialization.",8
Blockchain,Advanced Oracles (Chainlink) Implementation,Intermediate,66,Advanced Oracles (Chainlink) Implementation,"Master Oracles (Chainlink) to build robust, industry-level Blockchain projects. This module covers advanced techniques and real-world deployment strategies. Level 6 specialization.",8
Blockchain,Advanced Stablecoin Mechanics Implementation,Intermediate,67,Advanced Stablecoin Mechanics Implementation,"Master Stablecoin Mechanics to build robust, industry-level Blockchain projects. This module covers advanced techniques and real-world deployment strategies. Level 6 specialization.",8
Blockchain,Advanced DAO Governance Tokens Implementation,Intermediate,68,Advanced DAO Governance Tokens Implementation,"Master DAO Governance Tokens to build robust, industry-level Blockchain projects. This module covers advanced techniques and real-world deployment strategies. Level 6 specialization.",8
Blockchain,Advanced EVM Opcode Analysis Implementation,Intermediate,69,Advanced EVM Opcode Analysis Implementation,"Master EVM Opcode Analysis to build robust, industry-level Blockchain projects. This module covers advanced techniques and real-world deployment strategies. Level 6 specialization.",8
Blockchain,Advanced zk-Rollups Architecture Implementation,Intermediate,70,Advanced zk-Rollups Architecture Implementation,"Master zk-Rollups Architecture to build robust, industry-level Blockchain projects. This module covers advanced techniques and real-world deployment strategies. Level 6 specialization.",8
Blockchain,Advanced Zero-Knowledge Proofs Implementation,Intermediate,71,Advanced Zero-Knowledge Proofs Implementation,"Master Zero-Knowledge Proofs to build robust, industry-level Blockchain projects. This module covers advanced techniques and real-world deployment strategies. Level 7 specialization.",8
Blockchain,Advanced Cross-chain Bridges Implementation,Intermediate,72,Advanced Cross-chain Bridges Implementation,"Master Cross-chain Bridges to build robust, industry-level Blockchain projects. This module covers advanced techniques and real-world deployment strategies. Level 7 specialization.",8
Blockchain,Advanced MEV (Miner Extractable Value) Implementation,Intermediate,73,Advanced MEV (Miner Extractable Value) Implementation,"Master MEV (Miner Extractable Value) to build robust, industry-level Blockchain projects. This module covers advanced techniques and real-world deployment strategies. Level 7 specialization.",8
Blockchain,Advanced Consensus Algorithms (PoS/PoW) Implementation,Intermediate,74,Advanced Consensus Algorithms (PoS/PoW) Implementation,"Master Consensus Algorithms (PoS/PoW) to build robust, industry-level Blockchain projects. This module covers advanced techniques and real-world deployment strategies. Level 7 specialization.",8
Blockchain,Advanced Smart Contract Security Implementation,Intermediate,75,Advanced Smart Contract Security Implementation,"Master Smart Contract Security to build robust, industry-level Blockchain projects. This module covers advanced techniques and real-world deployment strategies. Level 7 specialization.",8
Blockchain,Advanced Oracles (Chainlink) Implementation,Intermediate,76,Advanced Oracles (Chainlink) Implementation,"Master Oracles (Chainlink) to build robust, industry-level Blockchain projects. This module covers advanced techniques and real-world deployment strategies. Level 7 specialization.",8
Blockchain,Advanced Stablecoin Mechanics Implementation,Intermediate,77,Advanced Stablecoin Mechanics Implementation,"Master Stablecoin Mechanics to build robust, industry-level Blockchain projects. This module covers advanced techniques and real-world deployment strategies. Level 7 specialization.",8
Blockchain,Advanced DAO Governance Tokens Implementation,Intermediate,78,Advanced DAO Governance Tokens Implementation,"Master DAO Governance Tokens to build robust, industry-level Blockchain projects. This module covers advanced techniques and real-world deployment strategies. Level 7 specialization.",8
Blockchain,Advanced EVM Opcode Analysis Implementation,Intermediate,79,Advanced EVM Opcode Analysis Implementation,"Master EVM Opcode Analysis to build robust, industry-level Blockchain projects. This module covers advanced techniques and real-world deployment strategies. Level 7 specialization.",8
Blockchain,Advanced zk-Rollups Architecture Implementation,Intermediate,80,Advanced zk-Rollups Architecture Implementation,"Master zk-Rollups Architecture to build robust, industry-level Blockchain projects. This module covers advanced techniques and real-world deployment strategies. Level 7 specialization.",8
Blockchain,Advanced Zero-Knowledge Proofs Implementation,Intermediate,81,Advanced Zero-Knowledge Proofs Implementation,"Master Zero-Knowledge Proofs to build robust, industry-level Blockchain projects. This module covers advanced techniques and real-world deployment strategies. Level 8 specialization.",8
Blockchain,Advanced Cross-chain Bridges Implementation,Intermediate,82,Advanced Cross-chain Bridges Implementation,"Master Cross-chain Bridges to build robust, industry-level Blockchain projects. This module covers advanced techniques and real-world deployment strategies. Level 8 specialization.",8
Blockchain,Advanced MEV (Miner Extractable Value) Implementation,Intermediate,83,Advanced MEV (Miner Extractable Value) Implementation,"Master MEV (Miner Extractable Value) to build robust, industry-level Blockchain projects. This module covers advanced techniques and real-world deployment strategies. Level 8 specialization.",8
Blockchain,Advanced Consensus Algorithms (PoS/PoW) Implementation,Intermediate,84,Advanced Consensus Algorithms (PoS/PoW) Implementation,"Master Consensus Algorithms (PoS/PoW) to build robust, industry-level Blockchain projects. This module covers advanced techniques and real-world deployment strategies. Level 8 specialization.",8
Blockchain,Advanced Smart Contract Security Implementation,Intermediate,85,Advanced Smart Contract Security Implementation,"Master Smart Contract Security to build robust, industry-level Blockchain projects. This module covers advanced techniques and real-world deployment strategies. Level 8 specialization.",8
Blockchain,Advanced Oracles (Chainlink) Implementation,Intermediate,86,Advanced Oracles (Chainlink) Implementation,"Master Oracles (Chainlink) to build robust, industry-level Blockchain projects. This module covers advanced techniques and real-world deployment strategies. Level 8 specialization.",8
Blockchain,Advanced Stablecoin Mechanics Implementation,Intermediate,87,Advanced Stablecoin Mechanics Implementation,"Master Stablecoin Mechanics to build robust, industry-level Blockchain projects. This module covers advanced techniques and real-world deployment strategies. Level 8 specialization.",8
Blockchain,Advanced DAO Governance Tokens Implementation,Intermediate,88,Advanced DAO Governance Tokens Implementation,"Master DAO Governance Tokens to build robust, industry-level Blockchain projects. This module covers advanced techniques and real-world deployment strategies. Level 8 specialization.",8
Blockchain,Advanced EVM Opcode Analysis Implementation,Intermediate,89,Advanced EVM Opcode Analysis Implementation,"Master EVM Opcode Analysis to build robust, industry-level Blockchain projects. This module covers advanced techniques and real-world deployment strategies. Level 8 specialization.",8
Blockchain,Advanced zk-Rollups Architecture Implementation,Intermediate,90,Advanced zk-Rollups Architecture Implementation,"Master zk-Rollups Architecture to build robust, industry-level Blockchain projects. This module covers advanced techniques and real-world deployment strategies. Level 8 specialization.",8
Blockchain,Advanced Zero-Knowledge Proofs Implementation,Intermediate,91,Advanced Zero-Knowledge Proofs Implementation,"Master Zero-Knowledge Proofs to build robust, industry-level Blockchain projects. This module covers advanced techniques and real-world deployment strategies. Level 9 specialization.",8
Blockchain,Advanced Cross-chain Bridges Implementation,Intermediate,92,Advanced Cross-chain Bridges Implementation,"Master Cross-chain Bridges to build robust, industry-level Blockchain projects. This module covers advanced techniques and real-world deployment strategies. Level 9 specialization.",8
Blockchain,Advanced MEV (Miner Extractable Value) Implementation,Intermediate,93,Advanced MEV (Miner Extractable Value) Implementation,"Master MEV (Miner Extractable Value) to build robust, industry-level Blockchain projects. This module covers advanced techniques and real-world deployment strategies. Level 9 specialization.",8
Blockchain,Advanced Consensus Algorithms (PoS/PoW) Implementation,Intermediate,94,Advanced Consensus Algorithms (PoS/PoW) Implementation,"Master Consensus Algorithms (PoS/PoW) to build robust, industry-level Blockchain projects. This module covers advanced techniques and real-world deployment strategies. Level 9 specialization.",8
Blockchain,Advanced Smart Contract Security Implementation,Intermediate,95,Advanced Smart Contract Security Implementation,"Master Smart Contract Security to build robust, industry-level Blockchain projects. This module covers advanced techniques and real-world deployment strategies. Level 9 specialization.",8
Blockchain,Advanced Oracles (Chainlink) Implementation,Intermediate,96,Advanced Oracles (Chainlink) Implementation,"Master Oracles (Chainlink) to build robust, industry-level Blockchain projects. This module covers advanced techniques and real-world deployment strategies. Level 9 specialization.",8
Blockchain,Advanced Stablecoin Mechanics Implementation,Intermediate,97,Advanced Stablecoin Mechanics Implementation,"Master Stablecoin Mechanics to build robust, industry-level Blockchain projects. This module covers advanced techniques and real-world deployment strategies. Level 9 specialization.",8
Blockchain,Advanced DAO Governance Tokens Implementation,Intermediate,98,Advanced DAO Governance Tokens Implementation,"Master DAO Governance Tokens to build robust, industry-level Blockchain projects. This module covers advanced techniques and real-world deployment strategies. Level 9 specialization.",8
Blockchain,Advanced EVM Opcode Analysis Implementation,Intermediate,99,Advanced EVM Opcode Analysis Implementation,"Master EVM Opcode Analysis to build robust, industry-level Blockchain projects. This module covers advanced techniques and real-world deployment strategies. Level 9 specialization.",8
Blockchain,Advanced zk-Rollups Architecture Implementation,Intermediate,100,Advanced zk-Rollups Architecture Implementation,"Master zk-Rollups Architecture to build robust, industry-level Blockchain projects. This module covers advanced techniques and real-world deployment strategies. Level 9 specialization.",8
UI/UX Design,Design Thinking,Beginner,1,Design Thinking,"Understanding empathy, ideation, and the user-centric process.",9
UI/UX Design,Wireframing Basics,Beginner,2,Wireframing Basics,Creating low-fidelity sketches of application layouts.,9
UI/UX Design,Typography & Color,Beginner,3,Typography & Color,Mastering visual hierarchy and emotional design.,9
UI/UX Design,Prototyping (Figma),Beginner,4,Prototyping (Figma),Building interactive mockups for user testing.,9
UI/UX Design,User Research,Beginner,5,User Research,Conducting interviews and surveys to gather user insights.,9
UI/UX Design,Usability Testing,Beginner,6,Usability Testing,Identifying friction points in your interface design.,9
UI/UX Design,Accessibility in UI,Beginner,7,Accessibility in UI,Designing for users with varying abilities (WCAG).,9
UI/UX Design,Design Systems,Beginner,8,Design Systems,Creating reusable component libraries for consistency.,9
UI/UX Design,Mobile vs Desktop UX,Beginner,9,Mobile vs Desktop UX,Adapting designs for different screen sizes and contexts.,9
UI/UX Design,Interface Micro-interactions,Beginner,10,Interface Micro-interactions,Adding delight with subtle animations and feedback.,9
UI/UX Design,Motion Design Systems,Beginner,11,Motion Design Systems,"Master Motion Design Systems to build robust, industry-level UI/UX Design projects. This module covers advanced techniques and real-world deployment strategies. Level 1 specialization.",9
UI/UX Design,Voice User Interface (VUI),Beginner,12,Voice User Interface (VUI),"Master Voice User Interface (VUI) to build robust, industry-level UI/UX Design projects. This module covers advanced techniques and real-world deployment strategies. Level 1 specialization.",9
UI/UX Design,Cognitive Psychology in UX,Beginner,13,Cognitive Psychology in UX,"Master Cognitive Psychology in UX to build robust, industry-level UI/UX Design projects. This module covers advanced techniques and real-world deployment strategies. Level 1 specialization.",9
UI/UX Design,Advanced Auto Layout,Beginner,14,Advanced Auto Layout,"Master Advanced Auto Layout to build robust, industry-level UI/UX Design projects. This module covers advanced techniques and real-world deployment strategies. Level 1 specialization.",9
UI/UX Design,Design Handoff Optimization,Beginner,15,Design Handoff Optimization,"Master Design Handoff Optimization to build robust, industry-level UI/UX Design projects. This module covers advanced techniques and real-world deployment strategies. Level 1 specialization.",9
UI/UX Design,Inclusive Design Research,Foundational,16,Inclusive Design Research,"Master Inclusive Design Research to build robust, industry-level UI/UX Design projects. This module covers advanced techniques and real-world deployment strategies. Level 1 specialization.",9
UI/UX Design,AR Interface Patterns,Foundational,17,AR Interface Patterns,"Master AR Interface Patterns to build robust, industry-level UI/UX Design projects. This module covers advanced techniques and real-world deployment strategies. Level 1 specialization.",9
UI/UX Design,Data-driven Design Decisions,Foundational,18,Data-driven Design Decisions,"Master Data-driven Design Decisions to build robust, industry-level UI/UX Design projects. This module covers advanced techniques and real-world deployment strategies. Level 1 specialization.",9
UI/UX Design,Emotional Design Frameworks,Foundational,19,Emotional Design Frameworks,"Master Emotional Design Frameworks to build robust, industry-level UI/UX Design projects. This module covers advanced techniques and real-world deployment strategies. Level 1 specialization.",9
UI/UX Design,UX Writing Best Practices,Foundational,20,UX Writing Best Practices,"Master UX Writing Best Practices to build robust, industry-level UI/UX Design projects. This module covers advanced techniques and real-world deployment strategies. Level 1 specialization.",9
UI/UX Design,Deep Dive: Motion Design Systems,Foundational,21,Deep Dive: Motion Design Systems,"Master Motion Design Systems to build robust, industry-level UI/UX Design projects. This module covers advanced techniques and real-world deployment strategies. Level 2 specialization.",9
UI/UX Design,Deep Dive: Voice User Interface (VUI),Foundational,22,Deep Dive: Voice User Interface (VUI),"Master Voice User Interface (VUI) to build robust, industry-level UI/UX Design projects. This module covers advanced techniques and real-world deployment strategies. Level 2 specialization.",9
UI/UX Design,Deep Dive: Cognitive Psychology in UX,Foundational,23,Deep Dive: Cognitive Psychology in UX,"Master Cognitive Psychology in UX to build robust, industry-level UI/UX Design projects. This module covers advanced techniques and real-world deployment strategies. Level 2 specialization.",9
UI/UX Design,Deep Dive: Advanced Auto Layout,Foundational,24,Deep Dive: Advanced Auto Layout,"Master Advanced Auto Layout to build robust, industry-level UI/UX Design projects. This module covers advanced techniques and real-world deployment strategies. Level 2 specialization.",9
UI/UX Design,Deep Dive: Design Handoff Optimization,Foundational,25,Deep Dive: Design Handoff Optimization,"Master Design Handoff Optimization to build robust, industry-level UI/UX Design projects. This module covers advanced techniques and real-world deployment strategies. Level 2 specialization.",9
UI/UX Design,Deep Dive: Inclusive Design Research,Foundational,26,Deep Dive: Inclusive Design Research,"Master Inclusive Design Research to build robust, industry-level UI/UX Design projects. This module covers advanced techniques and real-world deployment strategies. Level 2 specialization.",9
UI/UX Design,Deep Dive: AR Interface Patterns,Foundational,27,Deep Dive: AR Interface Patterns,"Master AR Interface Patterns to build robust, industry-level UI/UX Design projects. This module covers advanced techniques and real-world deployment strategies. Level 2 specialization.",9
UI/UX Design,Deep Dive: Data-driven Design Decisions,Foundational,28,Deep Dive: Data-driven Design Decisions,"Master Data-driven Design Decisions to build robust, industry-level UI/UX Design projects. This module covers advanced techniques and real-world deployment strategies. Level 2 specialization.",9
UI/UX Design,Deep Dive: Emotional Design Frameworks,Foundational,29,Deep Dive: Emotional Design Frameworks,"Master Emotional Design Frameworks to build robust, industry-level UI/UX Design projects. This module covers advanced techniques and real-world deployment strategies. Level 2 specialization.",9
UI/UX Design,Deep Dive: UX Writing Best Practices,Foundational,30,Deep Dive: UX Writing Best Practices,"Master UX Writing Best Practices to build robust, industry-level UI/UX Design projects. This module covers advanced techniques and real-world deployment strategies. Level 2 specialization.",9
UI/UX Design,Expert Motion Design Systems Patterns,Foundational,31,Expert Motion Design Systems Patterns,"Master Motion Design Systems to build robust, industry-level UI/UX Design projects. This module covers advanced techniques and real-world deployment strategies. Level 3 specialization.",9
UI/UX Design,Expert Voice User Interface (VUI) Patterns,Foundational,32,Expert Voice User Interface (VUI) Patterns,"Master Voice User Interface (VUI) to build robust, industry-level UI/UX Design projects. This module covers advanced techniques and real-world deployment strategies. Level 3 specialization.",9
UI/UX Design,Expert Cognitive Psychology in UX Patterns,Foundational,33,Expert Cognitive Psychology in UX Patterns,"Master Cognitive Psychology in UX to build robust, industry-level UI/UX Design projects. This module covers advanced techniques and real-world deployment strategies. Level 3 specialization.",9
UI/UX Design,Expert Advanced Auto Layout Patterns,Foundational,34,Expert Advanced Auto Layout Patterns,"Master Advanced Auto Layout to build robust, industry-level UI/UX Design projects. This module covers advanced techniques and real-world deployment strategies. Level 3 specialization.",9
UI/UX Design,Expert Design Handoff Optimization Patterns,Foundational,35,Expert Design Handoff Optimization Patterns,"Master Design Handoff Optimization to build robust, industry-level UI/UX Design projects. This module covers advanced techniques and real-world deployment strategies. Level 3 specialization.",9
UI/UX Design,Expert Inclusive Design Research Patterns,Intermediate,36,Expert Inclusive Design Research Patterns,"Master Inclusive Design Research to build robust, industry-level UI/UX Design projects. This module covers advanced techniques and real-world deployment strategies. Level 3 specialization.",9
UI/UX Design,Expert AR Interface Patterns Patterns,Intermediate,37,Expert AR Interface Patterns Patterns,"Master AR Interface Patterns to build robust, industry-level UI/UX Design projects. This module covers advanced techniques and real-world deployment strategies. Level 3 specialization.",9
UI/UX Design,Expert Data-driven Design Decisions Patterns,Intermediate,38,Expert Data-driven Design Decisions Patterns,"Master Data-driven Design Decisions to build robust, industry-level UI/UX Design projects. This module covers advanced techniques and real-world deployment strategies. Level 3 specialization.",9
UI/UX Design,Expert Emotional Design Frameworks Patterns,Intermediate,39,Expert Emotional Design Frameworks Patterns,"Master Emotional Design Frameworks to build robust, industry-level UI/UX Design projects. This module covers advanced techniques and real-world deployment strategies. Level 3 specialization.",9
UI/UX Design,Expert UX Writing Best Practices Patterns,Intermediate,40,Expert UX Writing Best Practices Patterns,"Master UX Writing Best Practices to build robust, industry-level UI/UX Design projects. This module covers advanced techniques and real-world deployment strategies. Level 3 specialization.",9
UI/UX Design,Advanced Motion Design Systems Implementation,Intermediate,41,Advanced Motion Design Systems Implementation,"Master Motion Design Systems to build robust, industry-level UI/UX Design projects. This module covers advanced techniques and real-world deployment strategies. Level 4 specialization.",9
UI/UX Design,Advanced Voice User Interface (VUI) Implementation,Intermediate,42,Advanced Voice User Interface (VUI) Implementation,"Master Voice User Interface (VUI) to build robust, industry-level UI/UX Design projects. This module covers advanced techniques and real-world deployment strategies. Level 4 specialization.",9
UI/UX Design,Advanced Cognitive Psychology in UX Implementation,Intermediate,43,Advanced Cognitive Psychology in UX Implementation,"Master Cognitive Psychology in UX to build robust, industry-level UI/UX Design projects. This module covers advanced techniques and real-world deployment strategies. Level 4 specialization.",9
UI/UX Design,Advanced Advanced Auto Layout Implementation,Intermediate,44,Advanced Advanced Auto Layout Implementation,"Master Advanced Auto Layout to build robust, industry-level UI/UX Design projects. This module covers advanced techniques and real-world deployment strategies. Level 4 specialization.",9
UI/UX Design,Advanced Design Handoff Optimization Implementation,Intermediate,45,Advanced Design Handoff Optimization Implementation,"Master Design Handoff Optimization to build robust, industry-level UI/UX Design projects. This module covers advanced techniques and real-world deployment strategies. Level 4 specialization.",9
UI/UX Design,Advanced Inclusive Design Research Implementation,Intermediate,46,Advanced Inclusive Design Research Implementation,"Master Inclusive Design Research to build robust, industry-level UI/UX Design projects. This module covers advanced techniques and real-world deployment strategies. Level 4 specialization.",9
UI/UX Design,Advanced AR Interface Patterns Implementation,Intermediate,47,Advanced AR Interface Patterns Implementation,"Master AR Interface Patterns to build robust, industry-level UI/UX Design projects. This module covers advanced techniques and real-world deployment strategies. Level 4 specialization.",9
UI/UX Design,Advanced Data-driven Design Decisions Implementation,Intermediate,48,Advanced Data-driven Design Decisions Implementation,"Master Data-driven Design Decisions to build robust, industry-level UI/UX Design projects. This module covers advanced techniques and real-world deployment strategies. Level 4 specialization.",9
UI/UX Design,Advanced Emotional Design Frameworks Implementation,Intermediate,49,Advanced Emotional Design Frameworks Implementation,"Master Emotional Design Frameworks to build robust, industry-level UI/UX Design projects. This module covers advanced techniques and real-world deployment strategies. Level 4 specialization.",9
UI/UX Design,Advanced UX Writing Best Practices Implementation,Intermediate,50,Advanced UX Writing Best Practices Implementation,"Master UX Writing Best Practices to build robust, industry-level UI/UX Design projects. This module covers advanced techniques and real-world deployment strategies. Level 4 specialization.",9
UI/UX Design,Advanced Motion Design Systems Implementation,Intermediate,51,Advanced Motion Design Systems Implementation,"Master Motion Design Systems to build robust, industry-level UI/UX Design projects. This module covers advanced techniques and real-world deployment strategies. Level 5 specialization.",9
UI/UX Design,Advanced Voice User Interface (VUI) Implementation,Intermediate,52,Advanced Voice User Interface (VUI) Implementation,"Master Voice User Interface (VUI) to build robust, industry-level UI/UX Design projects. This module covers advanced techniques and real-world deployment strategies. Level 5 specialization.",9
UI/UX Design,Advanced Cognitive Psychology in UX Implementation,Intermediate,53,Advanced Cognitive Psychology in UX Implementation,"Master Cognitive Psychology in UX to build robust, industry-level UI/UX Design projects. This module covers advanced techniques and real-world deployment strategies. Level 5 specialization.",9
UI/UX Design,Advanced Advanced Auto Layout Implementation,Intermediate,54,Advanced Advanced Auto Layout Implementation,"Master Advanced Auto Layout to build robust, industry-level UI/UX Design projects. This module covers advanced techniques and real-world deployment strategies. Level 5 specialization.",9
UI/UX Design,Advanced Design Handoff Optimization Implementation,Intermediate,55,Advanced Design Handoff Optimization Implementation,"Master Design Handoff Optimization to build robust, industry-level UI/UX Design projects. This module covers advanced techniques and real-world deployment strategies. Level 5 specialization.",9
UI/UX Design,Advanced Inclusive Design Research Implementation,Intermediate,56,Advanced Inclusive Design Research Implementation,"Master Inclusive Design Research to build robust, industry-level UI/UX Design projects. This module covers advanced techniques and real-world deployment strategies. Level 5 specialization.",9
UI/UX Design,Advanced AR Interface Patterns Implementation,Intermediate,57,Advanced AR Interface Patterns Implementation,"Master AR Interface Patterns to build robust, industry-level UI/UX Design projects. This module covers advanced techniques and real-world deployment strategies. Level 5 specialization.",9
UI/UX Design,Advanced Data-driven Design Decisions Implementation,Intermediate,58,Advanced Data-driven Design Decisions Implementation,"Master Data-driven Design Decisions to build robust, industry-level UI/UX Design projects. This module covers advanced techniques and real-world deployment strategies. Level 5 specialization.",9
UI/UX Design,Advanced Emotional Design Frameworks Implementation,Intermediate,59,Advanced Emotional Design Frameworks Implementation,"Master Emotional Design Frameworks to build robust, industry-level UI/UX Design projects. This module covers advanced techniques and real-world deployment strategies. Level 5 specialization.",9
UI/UX Design,Advanced UX Writing Best Practices Implementation,Intermediate,60,Advanced UX Writing Best Practices Implementation,"Master UX Writing Best Practices to build robust, industry-level UI/UX Design projects. This module covers advanced techniques and real-world deployment strategies. Level 5 specialization.",9
UI/UX Design,Advanced Motion Design Systems Implementation,Intermediate,61,Advanced Motion Design Systems Implementation,"Master Motion Design Systems to build robust, industry-level UI/UX Design projects. This module covers advanced techniques and real-world deployment strategies. Level 6 specialization.",9
UI/UX Design,Advanced Voice User Interface (VUI) Implementation,Intermediate,62,Advanced Voice User Interface (VUI) Implementation,"Master Voice User Interface (VUI) to build robust, industry-level UI/UX Design projects. This module covers advanced techniques and real-world deployment strategies. Level 6 specialization.",9
UI/UX Design,Advanced Cognitive Psychology in UX Implementation,Intermediate,63,Advanced Cognitive Psychology in UX Implementation,"Master Cognitive Psychology in UX to build robust, industry-level UI/UX Design projects. This module covers advanced techniques and real-world deployment strategies. Level 6 specialization.",9
UI/UX Design,Advanced Advanced Auto Layout Implementation,Intermediate,64,Advanced Advanced Auto Layout Implementation,"Master Advanced Auto Layout to build robust, industry-level UI/UX Design projects. This module covers advanced techniques and real-world deployment strategies. Level 6 specialization.",9
UI/UX Design,Advanced Design Handoff Optimization Implementation,Intermediate,65,Advanced Design Handoff Optimization Implementation,"Master Design Handoff Optimization to build robust, industry-level UI/UX Design projects. This module covers advanced techniques and real-world deployment strategies. Level 6 specialization.",9
UI/UX Design,Advanced Inclusive Design Research Implementation,Intermediate,66,Advanced Inclusive Design Research Implementation,"Master Inclusive Design Research to build robust, industry-level UI/UX Design projects. This module covers advanced techniques and real-world deployment strategies. Level 6 specialization.",9
UI/UX Design,Advanced AR Interface Patterns Implementation,Intermediate,67,Advanced AR Interface Patterns Implementation,"Master AR Interface Patterns to build robust, industry-level UI/UX Design projects. This module covers advanced techniques and real-world deployment strategies. Level 6 specialization.",9
UI/UX Design,Advanced Data-driven Design Decisions Implementation,Intermediate,68,Advanced Data-driven Design Decisions Implementation,"Master Data-driven Design Decisions to build robust, industry-level UI/UX Design projects. This module covers advanced techniques and real-world deployment strategies. Level 6 specialization.",9
UI/UX Design,Advanced Emotional Design Frameworks Implementation,Intermediate,69,Advanced Emotional Design Frameworks Implementation,"Master Emotional Design Frameworks to build robust, industry-level UI/UX Design projects. This module covers advanced techniques and real-world deployment strategies. Level 6 specialization.",9
UI/UX Design,Advanced UX Writing Best Practices Implementation,Intermediate,70,Advanced UX Writing Best Practices Implementation,"Master UX Writing Best Practices to build robust, industry-level UI/UX Design projects. This module covers advanced techniques and real-world deployment strategies. Level 6 specialization.",9
UI/UX Design,Advanced Motion Design Systems Implementation,Intermediate,71,Advanced Motion Design Systems Implementation,"Master Motion Design Systems to build robust, industry-level UI/UX Design projects. This module covers advanced techniques and real-world deployment strategies. Level 7 specialization.",9
UI/UX Design,Advanced Voice User Interface (VUI) Implementation,Intermediate,72,Advanced Voice User Interface (VUI) Implementation,"Master Voice User Interface (VUI) to build robust, industry-level UI/UX Design projects. This module covers advanced techniques and real-world deployment strategies. Level 7 specialization.",9
UI/UX Design,Advanced Cognitive Psychology in UX Implementation,Intermediate,73,Advanced Cognitive Psychology in UX Implementation,"Master Cognitive Psychology in UX to build robust, industry-level UI/UX Design projects. This module covers advanced techniques and real-world deployment strategies. Level 7 specialization.",9
UI/UX Design,Advanced Advanced Auto Layout Implementation,Intermediate,74,Advanced Advanced Auto Layout Implementation,"Master Advanced Auto Layout to build robust, industry-level UI/UX Design projects. This module covers advanced techniques and real-world deployment strategies. Level 7 specialization.",9
UI/UX Design,Advanced Design Handoff Optimization Implementation,Intermediate,75,Advanced Design Handoff Optimization Implementation,"Master Design Handoff Optimization to build robust, industry-level UI/UX Design projects. This module covers advanced techniques and real-world deployment strategies. Level 7 specialization.",9
UI/UX Design,Advanced Inclusive Design Research Implementation,Intermediate,76,Advanced Inclusive Design Research Implementation,"Master Inclusive Design Research to build robust, industry-level UI/UX Design projects. This module covers advanced techniques and real-world deployment strategies. Level 7 specialization.",9
UI/UX Design,Advanced AR Interface Patterns Implementation,Intermediate,77,Advanced AR Interface Patterns Implementation,"Master AR Interface Patterns to build robust, industry-level UI/UX Design projects. This module covers advanced techniques and real-world deployment strategies. Level 7 specialization.",9
UI/UX Design,Advanced Data-driven Design Decisions Implementation,Intermediate,78,Advanced Data-driven Design Decisions Implementation,"Master Data-driven Design Decisions to build robust, industry-level UI/UX Design projects. This module covers advanced techniques and real-world deployment strategies. Level 7 specialization.",9
UI/UX Design,Advanced Emotional Design Frameworks Implementation,Intermediate,79,Advanced Emotional Design Frameworks Implementation,"Master Emotional Design Frameworks to build robust, industry-level UI/UX Design projects. This module covers advanced techniques and real-world deployment strategies. Level 7 specialization.",9
UI/UX Design,Advanced UX Writing Best Practices Implementation,Intermediate,80,Advanced UX Writing Best Practices Implementation,"Master UX Writing Best Practices to build robust, industry-level UI/UX Design projects. This module covers advanced techniques and real-world deployment strategies. Level 7 specialization.",9
UI/UX Design,Advanced Motion Design Systems Implementation,Intermediate,81,Advanced Motion Design Systems Implementation,"Master Motion Design Systems to build robust, industry-level UI/UX Design projects. This module covers advanced techniques and real-world deployment strategies. Level 8 specialization.",9
UI/UX Design,Advanced Voice User Interface (VUI) Implementation,Intermediate,82,Advanced Voice User Interface (VUI) Implementation,"Master Voice User Interface (VUI) to build robust, industry-level UI/UX Design projects. This module covers advanced techniques and real-world deployment strategies. Level 8 specialization.",9
UI/UX Design,Advanced Cognitive Psychology in UX Implementation,Intermediate,83,Advanced Cognitive Psychology in UX Implementation,"Master Cognitive Psychology in UX to build robust, industry-level UI/UX Design projects. This module covers advanced techniques and real-world deployment strategies. Level 8 specialization.",9
UI/UX Design,Advanced Advanced Auto Layout Implementation,Intermediate,84,Advanced Advanced Auto Layout Implementation,"Master Advanced Auto Layout to build robust, industry-level UI/UX Design projects. This module covers advanced techniques and real-world deployment strategies. Level 8 specialization.",9
UI/UX Design,Advanced Design Handoff Optimization Implementation,Intermediate,85,Advanced Design Handoff Optimization Implementation,"Master Design Handoff Optimization to build robust, industry-level UI/UX Design projects. This module covers advanced techniques and real-world deployment strategies. Level 8 specialization.",9
UI/UX Design,Advanced Inclusive Design Research Implementation,Intermediate,86,Advanced Inclusive Design Research Implementation,"Master Inclusive Design Research to build robust, industry-level UI/UX Design projects. This module covers advanced techniques and real-world deployment strategies. Level 8 specialization.",9
UI/UX Design,Advanced AR Interface Patterns Implementation,Intermediate,87,Advanced AR Interface Patterns Implementation,"Master AR Interface Patterns to build robust, industry-level UI/UX Design projects. This module covers advanced techniques and real-world deployment strategies. Level 8 specialization.",9
UI/UX Design,Advanced Data-driven Design Decisions Implementation,Intermediate,88,Advanced Data-driven Design Decisions Implementation,"Master Data-driven Design Decisions to build robust, industry-level UI/UX Design projects. This module covers advanced techniques and real-world deployment strategies. Level 8 specialization.",9
UI/UX Design,Advanced Emotional Design Frameworks Implementation,Intermediate,89,Advanced Emotional Design Frameworks Implementation,"Master Emotional Design Frameworks to build robust, industry-level UI/UX Design projects. This module covers advanced techniques and real-world deployment strategies. Level 8 specialization.",9
UI/UX Design,Advanced UX Writing Best Practices Implementation,Intermediate,90,Advanced UX Writing Best Practices Implementation,"Master UX Writing Best Practices to build robust, industry-level UI/UX Design projects. This module covers advanced techniques and real-world deployment strategies. Level 8 specialization.",9
UI/UX Design,Advanced Motion Design Systems Implementation,Intermediate,91,Advanced Motion Design Systems Implementation,"Master Motion Design Systems to build robust, industry-level UI/UX Design projects. This module covers advanced techniques and real-world deployment strategies. Level 9 specialization.",9
UI/UX Design,Advanced Voice User Interface (VUI) Implementation,Intermediate,92,Advanced Voice User Interface (VUI) Implementation,"Master Voice User Interface (VUI) to build robust, industry-level UI/UX Design projects. This module covers advanced techniques and real-world deployment strategies. Level 9 specialization.",9
UI/UX Design,Advanced Cognitive Psychology in UX Implementation,Intermediate,93,Advanced Cognitive Psychology in UX Implementation,"Master Cognitive Psychology in UX to build robust, industry-level UI/UX Design projects. This module covers advanced techniques and real-world deployment strategies. Level 9 specialization.",9
UI/UX Design,Advanced Advanced Auto Layout Implementation,Intermediate,94,Advanced Advanced Auto Layout Implementation,"Master Advanced Auto Layout to build robust, industry-level UI/UX Design projects. This module covers advanced techniques and real-world deployment strategies. Level 9 specialization.",9
UI/UX Design,Advanced Design Handoff Optimization Implementation,Intermediate,95,Advanced Design Handoff Optimization Implementation,"Master Design Handoff Optimization to build robust, industry-level UI/UX Design projects. This module covers advanced techniques and real-world deployment strategies. Level 9 specialization.",9
UI/UX Design,Advanced Inclusive Design Research Implementation,Intermediate,96,Advanced Inclusive Design Research Implementation,"Master Inclusive Design Research to build robust, industry-level UI/UX Design projects. This module covers advanced techniques and real-world deployment strategies. Level 9 specialization.",9
UI/UX Design,Advanced AR Interface Patterns Implementation,Intermediate,97,Advanced AR Interface Patterns Implementation,"Master AR Interface Patterns to build robust, industry-level UI/UX Design projects. This module covers advanced techniques and real-world deployment strategies. Level 9 specialization.",9
UI/UX Design,Advanced Data-driven Design Decisions Implementation,Intermediate,98,Advanced Data-driven Design Decisions Implementation,"Master Data-driven Design Decisions to build robust, industry-level UI/UX Design projects. This module covers advanced techniques and real-world deployment strategies. Level 9 specialization.",9
UI/UX Design,Advanced Emotional Design Frameworks Implementation,Intermediate,99,Advanced Emotional Design Frameworks Implementation,"Master Emotional Design Frameworks to build robust, industry-level UI/UX Design projects. This module covers advanced techniques and real-world deployment strategies. Level 9 specialization.",9
UI/UX Design,Advanced UX Writing Best Practices Implementation,Intermediate,100,Advanced UX Writing Best Practices Implementation,"Master UX Writing Best Practices to build robust, industry-level UI/UX Design projects. This module covers advanced techniques and real-world deployment strategies. Level 9 specialization.",9
